Interaction_ID,Intern_ID,Course_ID,Interaction_Score,Completed
INTX00001,INT001,C013,3,1
INTX00002,INT001,C007,4,1
INTX00003,INT001,C004,3,1
INTX00004,INT001,C023,1,0
INTX00005,INT001,C015,4,0
INTX00006,INT001,C002,4,1
INTX00007,INT001,C029,1,0
INTX00008,INT001,C021,3,1
INTX00009,INT001,C008,3,1
INTX00010,INT001,C009,2,0
INTX00011,INT001,C012,5,1
INTX00012,INT001,C011,5,1
INTX00013,INT001,C018,3,1
INTX00014,INT001,C006,2,0
INTX00015,INT001,C010,5,1
INTX00016,INT001,C014,5,0
INTX00017,INT001,C026,3,0
INTX00018,INT002,C009,2,0
INTX00019,INT002,C029,1,0
INTX00020,INT002,C023,2,0
INTX00021,INT002,C018,3,1
INTX00022,INT002,C010,4,1
INTX00023,INT002,C006,4,1
INTX00024,INT002,C004,5,1
INTX00025,INT002,C001,3,1
INTX00026,INT002,C007,3,1
INTX00027,INT002,C005,5,1
INTX00028,INT002,C020,2,0
INTX00029,INT002,C022,2,0
INTX00030,INT002,C016,4,1
INTX00031,INT002,C027,3,1
INTX00032,INT002,C017,1,0
INTX00033,INT002,C025,3,1
INTX00034,INT003,C006,4,1
INTX00035,INT003,C004,3,1
INTX00036,INT003,C027,4,1
INTX00037,INT003,C021,3,1
INTX00038,INT003,C012,2,0
INTX00039,INT003,C024,5,0
INTX00040,INT003,C020,2,0
INTX00041,INT003,C025,3,1
INTX00042,INT003,C010,3,1
INTX00043,INT003,C003,4,1
INTX00044,INT003,C005,2,0
INTX00045,INT003,C007,3,0
INTX00046,INT003,C026,2,0
INTX00047,INT003,C028,1,0
INTX00048,INT003,C001,3,0
INTX00049,INT003,C015,2,0
INTX00050,INT004,C007,1,0
INTX00051,INT004,C022,4,0
INTX00052,INT004,C014,2,0
INTX00053,INT004,C020,5,1
INTX00054,INT004,C019,4,1
INTX00055,INT004,C002,3,1
INTX00056,INT004,C026,5,0
INTX00057,INT004,C012,3,1
INTX00058,INT004,C005,2,0
INTX00059,INT004,C001,5,0
INTX00060,INT004,C021,5,1
INTX00061,INT004,C009,3,1
INTX00062,INT004,C025,2,0
INTX00063,INT004,C016,4,1
INTX00064,INT004,C029,1,0
INTX00065,INT004,C008,1,0
INTX00066,INT004,C015,3,1
INTX00067,INT005,C008,3,1
INTX00068,INT005,C030,5,1
INTX00069,INT005,C004,5,1
INTX00070,INT005,C001,2,0
INTX00071,INT005,C007,4,1
INTX00072,INT005,C017,4,1
INTX00073,INT005,C016,3,1
INTX00074,INT005,C006,5,1
INTX00075,INT005,C013,5,1
INTX00076,INT005,C012,2,0
INTX00077,INT005,C018,4,1
INTX00078,INT006,C021,4,0
INTX00079,INT006,C022,1,0
INTX00080,INT006,C030,3,1
INTX00081,INT006,C001,4,1
INTX00082,INT006,C012,2,0
INTX00083,INT006,C007,2,0
INTX00084,INT006,C010,4,1
INTX00085,INT006,C018,5,1
INTX00086,INT006,C015,2,0
INTX00087,INT006,C016,2,0
INTX00088,INT007,C026,4,1
INTX00089,INT007,C012,4,1
INTX00090,INT007,C020,1,0
INTX00091,INT007,C014,4,1
INTX00092,INT007,C019,3,1
INTX00093,INT007,C025,5,1
INTX00094,INT007,C010,4,1
INTX00095,INT007,C006,2,0
INTX00096,INT007,C013,4,1
INTX00097,INT007,C002,1,0
INTX00098,INT007,C011,5,1
INTX00099,INT007,C009,5,1
INTX00100,INT007,C001,2,0
INTX00101,INT007,C024,2,0
INTX00102,INT007,C008,3,1
INTX00103,INT007,C005,3,1
INTX00104,INT007,C017,2,0
INTX00105,INT008,C026,2,0
INTX00106,INT008,C018,5,0
INTX00107,INT008,C027,2,0
INTX00108,INT008,C001,2,0
INTX00109,INT008,C022,4,1
INTX00110,INT008,C005,3,1
INTX00111,INT008,C003,3,0
INTX00112,INT008,C014,4,0
INTX00113,INT008,C002,3,1
INTX00114,INT008,C012,3,1
INTX00115,INT008,C030,3,1
INTX00116,INT008,C006,4,1
INTX00117,INT008,C028,5,1
INTX00118,INT008,C013,2,0
INTX00119,INT008,C017,2,0
INTX00120,INT008,C021,2,0
INTX00121,INT009,C013,5,1
INTX00122,INT009,C010,3,1
INTX00123,INT009,C014,5,1
INTX00124,INT009,C009,3,1
INTX00125,INT009,C012,5,1
INTX00126,INT009,C027,2,0
INTX00127,INT009,C003,3,1
INTX00128,INT009,C011,4,1
INTX00129,INT009,C029,1,0
INTX00130,INT009,C015,1,0
INTX00131,INT009,C016,5,1
INTX00132,INT009,C018,2,0
INTX00133,INT010,C022,1,0
INTX00134,INT010,C025,1,0
INTX00135,INT010,C018,5,1
INTX00136,INT010,C012,1,0
INTX00137,INT010,C013,1,0
INTX00138,INT010,C026,5,1
INTX00139,INT010,C028,5,1
INTX00140,INT010,C002,1,0
INTX00141,INT010,C001,2,0
INTX00142,INT010,C021,5,1
INTX00143,INT010,C016,2,0
INTX00144,INT010,C030,5,0
INTX00145,INT010,C014,5,1
INTX00146,INT011,C018,2,0
INTX00147,INT011,C013,3,0
INTX00148,INT011,C011,3,0
INTX00149,INT011,C025,1,0
INTX00150,INT011,C007,5,1
INTX00151,INT011,C012,5,1
INTX00152,INT011,C001,5,1
INTX00153,INT011,C004,3,0
INTX00154,INT011,C014,4,1
INTX00155,INT011,C022,3,1
INTX00156,INT011,C016,3,1
INTX00157,INT011,C029,4,1
INTX00158,INT012,C010,4,0
INTX00159,INT012,C006,2,0
INTX00160,INT012,C007,5,1
INTX00161,INT012,C014,5,1
INTX00162,INT012,C008,2,0
INTX00163,INT012,C009,2,0
INTX00164,INT012,C011,3,1
INTX00165,INT012,C002,1,0
INTX00166,INT012,C013,5,1
INTX00167,INT012,C003,3,0
INTX00168,INT012,C029,3,1
INTX00169,INT012,C016,4,1
INTX00170,INT012,C020,2,0
INTX00171,INT012,C028,2,0
INTX00172,INT012,C012,3,1
INTX00173,INT012,C015,2,0
INTX00174,INT012,C024,4,1
INTX00175,INT013,C002,1,0
INTX00176,INT013,C008,5,1
INTX00177,INT013,C022,3,0
INTX00178,INT013,C006,3,1
INTX00179,INT013,C021,3,1
INTX00180,INT013,C029,3,1
INTX00181,INT013,C003,5,1
INTX00182,INT013,C020,1,0
INTX00183,INT013,C010,4,1
INTX00184,INT013,C007,3,1
INTX00185,INT013,C012,2,0
INTX00186,INT013,C026,3,1
INTX00187,INT013,C011,3,1
INTX00188,INT013,C030,3,1
INTX00189,INT013,C016,3,1
INTX00190,INT013,C017,4,1
INTX00191,INT013,C015,5,1
INTX00192,INT014,C007,3,1
INTX00193,INT014,C009,5,1
INTX00194,INT014,C005,2,0
INTX00195,INT014,C011,4,1
INTX00196,INT014,C008,4,1
INTX00197,INT014,C010,4,1
INTX00198,INT014,C012,2,0
INTX00199,INT014,C014,3,1
INTX00200,INT014,C003,4,1
INTX00201,INT014,C020,3,1
INTX00202,INT014,C013,4,1
INTX00203,INT014,C028,2,0
INTX00204,INT014,C029,2,0
INTX00205,INT014,C002,2,0
INTX00206,INT015,C022,4,1
INTX00207,INT015,C003,5,1
INTX00208,INT015,C010,2,0
INTX00209,INT015,C005,5,0
INTX00210,INT015,C006,5,1
INTX00211,INT015,C008,5,1
INTX00212,INT015,C007,5,1
INTX00213,INT015,C013,3,1
INTX00214,INT015,C017,3,1
INTX00215,INT015,C025,3,1
INTX00216,INT015,C004,3,0
INTX00217,INT015,C016,3,1
INTX00218,INT015,C011,3,1
INTX00219,INT015,C029,3,1
INTX00220,INT015,C001,1,0
INTX00221,INT015,C012,3,0
INTX00222,INT015,C027,2,0
INTX00223,INT015,C009,3,1
INTX00224,INT016,C004,3,0
INTX00225,INT016,C030,2,0
INTX00226,INT016,C009,2,0
INTX00227,INT016,C020,3,1
INTX00228,INT016,C008,5,1
INTX00229,INT016,C014,5,1
INTX00230,INT016,C018,2,0
INTX00231,INT016,C013,3,1
INTX00232,INT016,C011,5,1
INTX00233,INT016,C010,4,0
INTX00234,INT016,C027,2,0
INTX00235,INT016,C021,4,1
INTX00236,INT016,C029,2,0
INTX00237,INT016,C003,3,1
INTX00238,INT017,C007,3,0
INTX00239,INT017,C027,5,1
INTX00240,INT017,C015,2,0
INTX00241,INT017,C019,3,1
INTX00242,INT017,C020,2,0
INTX00243,INT017,C002,4,1
INTX00244,INT017,C013,4,1
INTX00245,INT017,C003,4,1
INTX00246,INT017,C025,4,1
INTX00247,INT017,C021,4,1
INTX00248,INT018,C016,3,1
INTX00249,INT018,C012,1,0
INTX00250,INT018,C015,4,0
INTX00251,INT018,C010,4,1
INTX00252,INT018,C005,5,1
INTX00253,INT018,C006,3,1
INTX00254,INT018,C004,4,1
INTX00255,INT018,C026,3,0
INTX00256,INT018,C007,5,1
INTX00257,INT018,C008,3,0
INTX00258,INT018,C028,4,1
INTX00259,INT018,C003,5,0
INTX00260,INT018,C019,3,1
INTX00261,INT019,C017,2,0
INTX00262,INT019,C008,4,1
INTX00263,INT019,C019,2,0
INTX00264,INT019,C013,5,1
INTX00265,INT019,C007,4,1
INTX00266,INT019,C011,4,1
INTX00267,INT019,C023,3,1
INTX00268,INT019,C026,3,1
INTX00269,INT019,C002,3,1
INTX00270,INT019,C010,4,1
INTX00271,INT019,C021,1,0
INTX00272,INT019,C009,4,1
INTX00273,INT019,C014,5,1
INTX00274,INT019,C030,4,1
INTX00275,INT019,C012,5,0
INTX00276,INT019,C027,4,0
INTX00277,INT019,C020,2,0
INTX00278,INT019,C004,3,1
INTX00279,INT020,C003,5,1
INTX00280,INT020,C020,2,0
INTX00281,INT020,C004,3,1
INTX00282,INT020,C013,3,1
INTX00283,INT020,C005,4,1
INTX00284,INT020,C016,3,1
INTX00285,INT020,C023,2,0
INTX00286,INT020,C022,4,1
INTX00287,INT020,C007,3,0
INTX00288,INT020,C014,3,0
INTX00289,INT020,C006,5,1
INTX00290,INT020,C025,1,0
INTX00291,INT020,C001,2,0
INTX00292,INT020,C008,4,1
INTX00293,INT020,C002,2,0
INTX00294,INT020,C017,1,0
INTX00295,INT020,C015,4,0
INTX00296,INT021,C011,5,1
INTX00297,INT021,C001,3,1
INTX00298,INT021,C026,2,0
INTX00299,INT021,C006,4,1
INTX00300,INT021,C016,4,1
INTX00301,INT021,C015,2,0
INTX00302,INT021,C017,3,1
INTX00303,INT021,C022,1,0
INTX00304,INT021,C007,4,1
INTX00305,INT021,C005,2,0
INTX00306,INT021,C028,2,0
INTX00307,INT022,C015,2,0
INTX00308,INT022,C013,4,1
INTX00309,INT022,C028,2,0
INTX00310,INT022,C010,4,1
INTX00311,INT022,C007,5,1
INTX00312,INT022,C012,4,1
INTX00313,INT022,C009,2,0
INTX00314,INT022,C024,1,0
INTX00315,INT022,C025,5,1
INTX00316,INT022,C029,1,0
INTX00317,INT023,C007,4,1
INTX00318,INT023,C028,5,0
INTX00319,INT023,C011,2,0
INTX00320,INT023,C012,5,0
INTX00321,INT023,C024,2,0
INTX00322,INT023,C016,3,0
INTX00323,INT023,C020,1,0
INTX00324,INT023,C014,5,1
INTX00325,INT023,C023,4,0
INTX00326,INT023,C008,5,1
INTX00327,INT024,C019,1,0
INTX00328,INT024,C021,2,0
INTX00329,INT024,C022,2,0
INTX00330,INT024,C023,2,0
INTX00331,INT024,C018,2,0
INTX00332,INT024,C025,4,1
INTX00333,INT024,C024,3,1
INTX00334,INT024,C012,1,0
INTX00335,INT024,C010,2,0
INTX00336,INT024,C028,3,1
INTX00337,INT024,C011,1,0
INTX00338,INT024,C030,3,1
INTX00339,INT024,C001,4,1
INTX00340,INT024,C005,3,1
INTX00341,INT024,C009,4,1
INTX00342,INT024,C027,1,0
INTX00343,INT025,C008,3,1
INTX00344,INT025,C028,2,0
INTX00345,INT025,C019,4,1
INTX00346,INT025,C005,1,0
INTX00347,INT025,C011,5,0
INTX00348,INT025,C024,4,0
INTX00349,INT025,C013,3,1
INTX00350,INT025,C007,5,1
INTX00351,INT025,C030,2,0
INTX00352,INT025,C027,4,1
INTX00353,INT025,C014,3,1
INTX00354,INT025,C012,4,1
INTX00355,INT025,C009,2,0
INTX00356,INT026,C014,3,0
INTX00357,INT026,C020,1,0
INTX00358,INT026,C003,4,0
INTX00359,INT026,C025,2,0
INTX00360,INT026,C002,4,1
INTX00361,INT026,C016,4,1
INTX00362,INT026,C027,3,1
INTX00363,INT026,C024,5,1
INTX00364,INT026,C013,3,0
INTX00365,INT026,C001,2,0
INTX00366,INT026,C023,3,1
INTX00367,INT026,C005,2,0
INTX00368,INT027,C014,4,1
INTX00369,INT027,C013,5,1
INTX00370,INT027,C017,4,1
INTX00371,INT027,C007,5,1
INTX00372,INT027,C024,3,0
INTX00373,INT027,C002,1,0
INTX00374,INT027,C021,4,1
INTX00375,INT027,C010,2,0
INTX00376,INT027,C012,4,1
INTX00377,INT027,C001,1,0
INTX00378,INT027,C009,4,1
INTX00379,INT027,C030,3,1
INTX00380,INT027,C015,4,0
INTX00381,INT027,C008,5,1
INTX00382,INT028,C003,2,0
INTX00383,INT028,C021,3,0
INTX00384,INT028,C007,5,0
INTX00385,INT028,C005,5,1
INTX00386,INT028,C001,2,0
INTX00387,INT028,C004,4,1
INTX00388,INT028,C008,5,1
INTX00389,INT028,C028,4,1
INTX00390,INT028,C023,3,1
INTX00391,INT028,C009,3,1
INTX00392,INT028,C022,2,0
INTX00393,INT028,C006,2,0
INTX00394,INT028,C019,2,0
INTX00395,INT028,C010,4,1
INTX00396,INT028,C027,1,0
INTX00397,INT028,C030,4,1
INTX00398,INT029,C006,5,1
INTX00399,INT029,C018,4,1
INTX00400,INT029,C001,4,0
INTX00401,INT029,C023,3,1
INTX00402,INT029,C024,4,0
INTX00403,INT029,C009,4,1
INTX00404,INT029,C021,3,1
INTX00405,INT029,C008,1,0
INTX00406,INT029,C005,3,1
INTX00407,INT029,C026,4,1
INTX00408,INT029,C013,2,0
INTX00409,INT029,C020,4,0
INTX00410,INT030,C003,3,1
INTX00411,INT030,C006,5,1
INTX00412,INT030,C002,4,1
INTX00413,INT030,C007,4,1
INTX00414,INT030,C004,5,1
INTX00415,INT030,C010,5,1
INTX00416,INT030,C015,4,1
INTX00417,INT030,C020,4,1
INTX00418,INT030,C005,5,1
INTX00419,INT030,C008,4,1
INTX00420,INT031,C001,4,1
INTX00421,INT031,C008,2,0
INTX00422,INT031,C003,5,0
INTX00423,INT031,C027,5,1
INTX00424,INT031,C006,3,1
INTX00425,INT031,C029,1,0
INTX00426,INT031,C013,2,0
INTX00427,INT031,C004,3,0
INTX00428,INT031,C025,3,1
INTX00429,INT031,C021,4,1
INTX00430,INT031,C018,4,0
INTX00431,INT032,C009,3,1
INTX00432,INT032,C010,3,1
INTX00433,INT032,C002,2,0
INTX00434,INT032,C007,4,1
INTX00435,INT032,C020,2,0
INTX00436,INT032,C013,3,1
INTX00437,INT032,C030,1,0
INTX00438,INT032,C006,4,1
INTX00439,INT032,C005,4,1
INTX00440,INT032,C008,4,1
INTX00441,INT033,C007,4,1
INTX00442,INT033,C029,2,0
INTX00443,INT033,C005,3,1
INTX00444,INT033,C013,3,1
INTX00445,INT033,C006,3,1
INTX00446,INT033,C019,3,1
INTX00447,INT033,C004,4,1
INTX00448,INT033,C008,5,1
INTX00449,INT033,C003,5,1
INTX00450,INT033,C017,1,0
INTX00451,INT034,C007,4,0
INTX00452,INT034,C008,4,1
INTX00453,INT034,C003,3,1
INTX00454,INT034,C014,4,1
INTX00455,INT034,C005,1,0
INTX00456,INT034,C006,1,0
INTX00457,INT034,C013,5,1
INTX00458,INT034,C010,3,1
INTX00459,INT034,C012,5,1
INTX00460,INT034,C021,2,0
INTX00461,INT034,C001,5,1
INTX00462,INT035,C028,3,1
INTX00463,INT035,C021,5,1
INTX00464,INT035,C018,4,1
INTX00465,INT035,C020,5,1
INTX00466,INT035,C026,5,1
INTX00467,INT035,C019,5,1
INTX00468,INT035,C001,4,1
INTX00469,INT035,C027,4,1
INTX00470,INT035,C006,2,0
INTX00471,INT035,C016,3,1
INTX00472,INT035,C002,4,1
INTX00473,INT035,C030,2,0
INTX00474,INT035,C003,2,0
INTX00475,INT035,C011,1,0
INTX00476,INT035,C025,3,1
INTX00477,INT035,C022,3,1
INTX00478,INT036,C012,3,1
INTX00479,INT036,C011,3,1
INTX00480,INT036,C002,2,0
INTX00481,INT036,C010,5,1
INTX00482,INT036,C013,4,1
INTX00483,INT036,C018,3,1
INTX00484,INT036,C020,2,0
INTX00485,INT036,C015,1,0
INTX00486,INT036,C028,2,0
INTX00487,INT036,C001,3,1
INTX00488,INT036,C008,4,1
INTX00489,INT036,C014,3,1
INTX00490,INT036,C027,2,0
INTX00491,INT036,C007,5,1
INTX00492,INT036,C029,4,1
INTX00493,INT036,C004,1,0
INTX00494,INT036,C009,4,0
INTX00495,INT037,C015,3,1
INTX00496,INT037,C016,5,1
INTX00497,INT037,C021,3,1
INTX00498,INT037,C017,4,1
INTX00499,INT037,C007,3,1
INTX00500,INT037,C012,2,0
INTX00501,INT037,C026,3,1
INTX00502,INT037,C019,1,0
INTX00503,INT037,C010,2,0
INTX00504,INT037,C011,4,1
INTX00505,INT037,C018,2,0
INTX00506,INT037,C023,2,0
INTX00507,INT037,C025,3,1
INTX00508,INT037,C004,2,0
INTX00509,INT037,C013,4,1
INTX00510,INT038,C018,5,1
INTX00511,INT038,C009,5,1
INTX00512,INT038,C014,4,1
INTX00513,INT038,C013,5,1
INTX00514,INT038,C010,4,0
INTX00515,INT038,C011,4,1
INTX00516,INT038,C021,1,0
INTX00517,INT038,C004,5,1
INTX00518,INT038,C007,5,1
INTX00519,INT038,C012,3,1
INTX00520,INT038,C002,1,0
INTX00521,INT038,C008,3,1
INTX00522,INT038,C030,4,1
INTX00523,INT038,C016,3,1
INTX00524,INT038,C022,1,0
INTX00525,INT038,C003,1,0
INTX00526,INT039,C010,4,1
INTX00527,INT039,C008,4,1
INTX00528,INT039,C012,4,1
INTX00529,INT039,C021,3,1
INTX00530,INT039,C009,3,1
INTX00531,INT039,C027,4,1
INTX00532,INT039,C024,1,0
INTX00533,INT039,C007,3,1
INTX00534,INT039,C019,5,1
INTX00535,INT039,C013,5,1
INTX00536,INT039,C015,3,1
INTX00537,INT040,C016,5,1
INTX00538,INT040,C019,2,0
INTX00539,INT040,C007,4,1
INTX00540,INT040,C015,3,1
INTX00541,INT040,C014,3,1
INTX00542,INT040,C012,3,1
INTX00543,INT040,C004,1,0
INTX00544,INT040,C002,4,1
INTX00545,INT040,C029,1,0
INTX00546,INT040,C017,5,1
INTX00547,INT041,C018,3,1
INTX00548,INT041,C004,2,0
INTX00549,INT041,C002,5,1
INTX00550,INT041,C025,3,1
INTX00551,INT041,C009,3,1
INTX00552,INT041,C021,5,1
INTX00553,INT041,C020,3,1
INTX00554,INT041,C007,1,0
INTX00555,INT041,C006,2,0
INTX00556,INT041,C026,3,1
INTX00557,INT041,C022,3,1
INTX00558,INT041,C016,1,0
INTX00559,INT041,C019,3,0
INTX00560,INT041,C012,2,0
INTX00561,INT041,C017,3,1
INTX00562,INT041,C003,3,0
INTX00563,INT041,C013,2,0
INTX00564,INT041,C030,5,1
INTX00565,INT042,C006,2,0
INTX00566,INT042,C015,3,1
INTX00567,INT042,C008,2,0
INTX00568,INT042,C005,2,0
INTX00569,INT042,C022,5,1
INTX00570,INT042,C002,2,0
INTX00571,INT042,C025,2,0
INTX00572,INT042,C012,2,0
INTX00573,INT042,C013,4,1
INTX00574,INT042,C011,2,0
INTX00575,INT042,C003,3,1
INTX00576,INT042,C009,3,1
INTX00577,INT042,C004,3,1
INTX00578,INT042,C017,1,0
INTX00579,INT042,C018,5,1
INTX00580,INT042,C021,4,1
INTX00581,INT042,C001,2,0
INTX00582,INT043,C005,4,1
INTX00583,INT043,C003,2,0
INTX00584,INT043,C028,1,0
INTX00585,INT043,C008,4,1
INTX00586,INT043,C025,2,0
INTX00587,INT043,C006,4,1
INTX00588,INT043,C004,3,1
INTX00589,INT043,C014,4,1
INTX00590,INT043,C027,3,1
INTX00591,INT043,C015,5,1
INTX00592,INT044,C022,3,1
INTX00593,INT044,C026,3,1
INTX00594,INT044,C008,4,1
INTX00595,INT044,C017,2,0
INTX00596,INT044,C011,4,1
INTX00597,INT044,C016,4,1
INTX00598,INT044,C018,4,1
INTX00599,INT044,C014,4,1
INTX00600,INT044,C007,3,1
INTX00601,INT044,C012,5,1
INTX00602,INT044,C030,2,0
INTX00603,INT044,C027,4,1
INTX00604,INT044,C003,3,1
INTX00605,INT044,C019,3,1
INTX00606,INT044,C023,2,0
INTX00607,INT044,C009,5,1
INTX00608,INT045,C022,2,0
INTX00609,INT045,C001,2,0
INTX00610,INT045,C018,4,1
INTX00611,INT045,C014,3,1
INTX00612,INT045,C008,3,1
INTX00613,INT045,C004,2,0
INTX00614,INT045,C007,4,1
INTX00615,INT045,C012,3,1
INTX00616,INT045,C019,2,0
INTX00617,INT045,C005,4,1
INTX00618,INT045,C020,3,1
INTX00619,INT045,C002,5,1
INTX00620,INT045,C006,5,1
INTX00621,INT045,C003,4,1
INTX00622,INT045,C010,5,1
INTX00623,INT046,C013,4,1
INTX00624,INT046,C016,2,0
INTX00625,INT046,C030,2,0
INTX00626,INT046,C027,2,0
INTX00627,INT046,C014,2,0
INTX00628,INT046,C011,2,0
INTX00629,INT046,C019,4,1
INTX00630,INT046,C007,4,1
INTX00631,INT046,C023,4,1
INTX00632,INT046,C009,4,0
INTX00633,INT047,C021,3,1
INTX00634,INT047,C018,2,0
INTX00635,INT047,C027,2,0
INTX00636,INT047,C023,3,1
INTX00637,INT047,C022,5,1
INTX00638,INT047,C003,2,0
INTX00639,INT047,C026,4,1
INTX00640,INT047,C024,3,0
INTX00641,INT047,C001,1,0
INTX00642,INT047,C011,3,1
INTX00643,INT047,C007,2,0
INTX00644,INT047,C029,2,0
INTX00645,INT047,C015,4,1
INTX00646,INT047,C002,2,0
INTX00647,INT048,C002,5,1
INTX00648,INT048,C027,2,0
INTX00649,INT048,C016,3,1
INTX00650,INT048,C026,2,0
INTX00651,INT048,C025,3,1
INTX00652,INT048,C020,5,1
INTX00653,INT048,C018,4,1
INTX00654,INT048,C029,4,1
INTX00655,INT048,C022,3,1
INTX00656,INT048,C005,4,1
INTX00657,INT048,C013,1,0
INTX00658,INT048,C011,3,1
INTX00659,INT048,C028,1,0
INTX00660,INT049,C023,5,0
INTX00661,INT049,C021,5,1
INTX00662,INT049,C003,3,0
INTX00663,INT049,C024,5,1
INTX00664,INT049,C020,1,0
INTX00665,INT049,C010,3,0
INTX00666,INT049,C013,3,1
INTX00667,INT049,C008,1,0
INTX00668,INT049,C016,3,1
INTX00669,INT049,C025,4,1
INTX00670,INT049,C018,5,1
INTX00671,INT049,C009,3,1
INTX00672,INT050,C009,2,0
INTX00673,INT050,C011,3,1
INTX00674,INT050,C020,4,1
INTX00675,INT050,C005,5,0
INTX00676,INT050,C027,3,1
INTX00677,INT050,C019,4,0
INTX00678,INT050,C018,4,1
INTX00679,INT050,C003,3,1
INTX00680,INT050,C014,5,0
INTX00681,INT050,C004,3,1
INTX00682,INT050,C017,3,1
INTX00683,INT050,C021,2,0
INTX00684,INT050,C001,5,1
INTX00685,INT051,C008,3,1
INTX00686,INT051,C023,1,0
INTX00687,INT051,C021,2,0
INTX00688,INT051,C012,4,1
INTX00689,INT051,C015,3,1
INTX00690,INT051,C009,4,1
INTX00691,INT051,C011,4,0
INTX00692,INT051,C010,4,1
INTX00693,INT051,C013,5,1
INTX00694,INT051,C006,3,1
INTX00695,INT051,C020,2,0
INTX00696,INT051,C025,4,1
INTX00697,INT052,C004,2,0
INTX00698,INT052,C017,4,1
INTX00699,INT052,C025,2,0
INTX00700,INT052,C011,2,0
INTX00701,INT052,C018,2,0
INTX00702,INT052,C024,5,1
INTX00703,INT052,C026,3,0
INTX00704,INT052,C012,4,1
INTX00705,INT052,C003,4,0
INTX00706,INT052,C023,4,1
INTX00707,INT052,C001,3,1
INTX00708,INT052,C007,3,1
INTX00709,INT052,C015,2,0
INTX00710,INT052,C014,1,0
INTX00711,INT052,C008,1,0
INTX00712,INT052,C006,2,0
INTX00713,INT053,C008,3,1
INTX00714,INT053,C006,3,1
INTX00715,INT053,C010,2,0
INTX00716,INT053,C017,3,0
INTX00717,INT053,C003,5,1
INTX00718,INT053,C026,1,0
INTX00719,INT053,C023,4,1
INTX00720,INT053,C014,1,0
INTX00721,INT053,C015,1,0
INTX00722,INT053,C027,4,1
INTX00723,INT054,C028,2,0
INTX00724,INT054,C002,3,0
INTX00725,INT054,C023,3,1
INTX00726,INT054,C004,4,1
INTX00727,INT054,C026,1,0
INTX00728,INT054,C020,3,0
INTX00729,INT054,C007,2,0
INTX00730,INT054,C017,3,1
INTX00731,INT054,C008,3,1
INTX00732,INT054,C009,3,1
INTX00733,INT054,C019,3,1
INTX00734,INT054,C024,4,0
INTX00735,INT054,C022,2,0
INTX00736,INT054,C012,4,1
INTX00737,INT054,C025,3,1
INTX00738,INT054,C030,2,0
INTX00739,INT054,C013,2,0
INTX00740,INT055,C027,2,0
INTX00741,INT055,C010,5,0
INTX00742,INT055,C005,4,1
INTX00743,INT055,C013,4,1
INTX00744,INT055,C007,3,1
INTX00745,INT055,C012,4,1
INTX00746,INT055,C024,1,0
INTX00747,INT055,C014,4,1
INTX00748,INT055,C030,2,0
INTX00749,INT055,C009,3,1
INTX00750,INT055,C011,5,1
INTX00751,INT055,C015,1,0
INTX00752,INT055,C026,2,0
INTX00753,INT055,C021,4,1
INTX00754,INT055,C019,3,1
INTX00755,INT056,C007,4,0
INTX00756,INT056,C006,4,1
INTX00757,INT056,C016,4,1
INTX00758,INT056,C018,1,0
INTX00759,INT056,C015,4,0
INTX00760,INT056,C022,2,0
INTX00761,INT056,C030,1,0
INTX00762,INT056,C017,4,0
INTX00763,INT056,C014,4,1
INTX00764,INT056,C012,2,0
INTX00765,INT056,C003,3,1
INTX00766,INT057,C012,3,1
INTX00767,INT057,C020,3,0
INTX00768,INT057,C015,3,1
INTX00769,INT057,C021,3,1
INTX00770,INT057,C004,1,0
INTX00771,INT057,C018,4,0
INTX00772,INT057,C002,4,1
INTX00773,INT057,C027,2,0
INTX00774,INT057,C013,2,0
INTX00775,INT057,C003,2,0
INTX00776,INT057,C001,2,0
INTX00777,INT057,C016,4,1
INTX00778,INT057,C006,2,0
INTX00779,INT057,C019,5,1
INTX00780,INT057,C014,5,1
INTX00781,INT057,C024,4,1
INTX00782,INT058,C005,2,0
INTX00783,INT058,C022,5,1
INTX00784,INT058,C008,4,1
INTX00785,INT058,C002,2,0
INTX00786,INT058,C029,3,1
INTX00787,INT058,C024,3,1
INTX00788,INT058,C030,3,1
INTX00789,INT058,C020,3,0
INTX00790,INT058,C021,3,1
INTX00791,INT058,C009,2,0
INTX00792,INT059,C027,3,1
INTX00793,INT059,C020,3,1
INTX00794,INT059,C019,3,0
INTX00795,INT059,C005,4,1
INTX00796,INT059,C016,3,0
INTX00797,INT059,C001,4,0
INTX00798,INT059,C018,4,1
INTX00799,INT059,C007,2,0
INTX00800,INT059,C029,2,0
INTX00801,INT059,C023,4,1
INTX00802,INT059,C021,4,1
INTX00803,INT059,C026,4,0
INTX00804,INT060,C018,5,1
INTX00805,INT060,C023,3,1
INTX00806,INT060,C028,5,1
INTX00807,INT060,C030,5,1
INTX00808,INT060,C001,4,1
INTX00809,INT060,C025,4,1
INTX00810,INT060,C012,3,1
INTX00811,INT060,C009,4,0
INTX00812,INT060,C011,2,0
INTX00813,INT060,C010,5,1
INTX00814,INT060,C002,1,0
INTX00815,INT061,C022,2,0
INTX00816,INT061,C017,1,0
INTX00817,INT061,C004,5,0
INTX00818,INT061,C018,1,0
INTX00819,INT061,C019,5,1
INTX00820,INT061,C013,2,0
INTX00821,INT061,C023,1,0
INTX00822,INT061,C011,3,1
INTX00823,INT061,C003,5,1
INTX00824,INT061,C008,2,0
INTX00825,INT061,C007,4,1
INTX00826,INT061,C010,3,1
INTX00827,INT061,C002,4,0
INTX00828,INT062,C009,5,1
INTX00829,INT062,C011,4,1
INTX00830,INT062,C008,5,1
INTX00831,INT062,C014,4,1
INTX00832,INT062,C029,1,0
INTX00833,INT062,C013,4,1
INTX00834,INT062,C010,5,1
INTX00835,INT062,C007,2,0
INTX00836,INT062,C024,3,1
INTX00837,INT062,C012,3,1
INTX00838,INT062,C004,1,0
INTX00839,INT062,C022,4,1
INTX00840,INT062,C006,2,0
INTX00841,INT062,C023,3,1
INTX00842,INT062,C026,1,0
INTX00843,INT063,C013,3,1
INTX00844,INT063,C023,4,1
INTX00845,INT063,C025,2,0
INTX00846,INT063,C027,1,0
INTX00847,INT063,C011,5,0
INTX00848,INT063,C010,3,1
INTX00849,INT063,C014,4,0
INTX00850,INT063,C007,3,1
INTX00851,INT063,C003,2,0
INTX00852,INT063,C028,4,1
INTX00853,INT063,C024,1,0
INTX00854,INT063,C018,3,1
INTX00855,INT064,C019,2,0
INTX00856,INT064,C007,5,1
INTX00857,INT064,C021,2,0
INTX00858,INT064,C023,1,0
INTX00859,INT064,C005,3,1
INTX00860,INT064,C013,2,0
INTX00861,INT064,C008,5,1
INTX00862,INT064,C024,2,0
INTX00863,INT064,C014,2,0
INTX00864,INT064,C010,2,0
INTX00865,INT064,C006,3,1
INTX00866,INT064,C004,4,1
INTX00867,INT064,C017,3,1
INTX00868,INT064,C020,1,0
INTX00869,INT064,C011,3,0
INTX00870,INT064,C025,3,1
INTX00871,INT065,C012,4,1
INTX00872,INT065,C029,2,0
INTX00873,INT065,C007,4,0
INTX00874,INT065,C001,4,1
INTX00875,INT065,C018,4,1
INTX00876,INT065,C020,4,1
INTX00877,INT065,C009,4,1
INTX00878,INT065,C021,1,0
INTX00879,INT065,C013,3,1
INTX00880,INT065,C011,4,1
INTX00881,INT066,C028,3,1
INTX00882,INT066,C020,3,1
INTX00883,INT066,C030,2,0
INTX00884,INT066,C015,5,1
INTX00885,INT066,C029,3,0
INTX00886,INT066,C004,3,1
INTX00887,INT066,C012,1,0
INTX00888,INT066,C008,1,0
INTX00889,INT066,C007,4,1
INTX00890,INT066,C016,3,0
INTX00891,INT066,C017,4,1
INTX00892,INT066,C006,3,1
INTX00893,INT066,C022,1,0
INTX00894,INT067,C018,2,0
INTX00895,INT067,C012,4,0
INTX00896,INT067,C007,3,1
INTX00897,INT067,C011,2,0
INTX00898,INT067,C013,2,0
INTX00899,INT067,C023,4,1
INTX00900,INT067,C025,2,0
INTX00901,INT067,C014,5,1
INTX00902,INT067,C030,5,0
INTX00903,INT067,C010,4,0
INTX00904,INT067,C006,4,1
INTX00905,INT067,C017,2,0
INTX00906,INT067,C009,4,1
INTX00907,INT067,C028,5,1
INTX00908,INT067,C015,4,1
INTX00909,INT068,C018,5,0
INTX00910,INT068,C027,1,0
INTX00911,INT068,C011,4,1
INTX00912,INT068,C022,4,1
INTX00913,INT068,C016,4,0
INTX00914,INT068,C025,4,1
INTX00915,INT068,C023,5,1
INTX00916,INT068,C005,3,1
INTX00917,INT068,C002,3,1
INTX00918,INT068,C021,3,0
INTX00919,INT068,C004,1,0
INTX00920,INT068,C009,3,1
INTX00921,INT068,C013,1,0
INTX00922,INT069,C004,5,1
INTX00923,INT069,C014,2,0
INTX00924,INT069,C005,5,1
INTX00925,INT069,C008,5,1
INTX00926,INT069,C016,2,0
INTX00927,INT069,C010,3,1
INTX00928,INT069,C007,4,1
INTX00929,INT069,C006,4,1
INTX00930,INT069,C022,2,0
INTX00931,INT069,C015,4,1
INTX00932,INT070,C003,4,1
INTX00933,INT070,C017,3,1
INTX00934,INT070,C019,4,1
INTX00935,INT070,C006,5,1
INTX00936,INT070,C022,2,0
INTX00937,INT070,C009,2,0
INTX00938,INT070,C008,3,1
INTX00939,INT070,C027,5,1
INTX00940,INT070,C007,3,1
INTX00941,INT070,C010,4,1
INTX00942,INT070,C016,2,0
INTX00943,INT070,C004,4,1
INTX00944,INT070,C001,1,0
INTX00945,INT070,C011,2,0
INTX00946,INT070,C028,3,1
INTX00947,INT070,C002,3,1
INTX00948,INT070,C005,4,0
INTX00949,INT071,C019,3,1
INTX00950,INT071,C025,4,1
INTX00951,INT071,C021,4,1
INTX00952,INT071,C004,2,0
INTX00953,INT071,C029,3,1
INTX00954,INT071,C018,4,0
INTX00955,INT071,C003,1,0
INTX00956,INT071,C002,5,1
INTX00957,INT071,C026,5,1
INTX00958,INT071,C013,4,1
INTX00959,INT071,C001,4,1
INTX00960,INT071,C005,3,1
INTX00961,INT071,C007,3,1
INTX00962,INT071,C023,2,0
INTX00963,INT072,C007,4,1
INTX00964,INT072,C021,2,0
INTX00965,INT072,C015,2,0
INTX00966,INT072,C014,5,1
INTX00967,INT072,C024,2,0
INTX00968,INT072,C011,5,1
INTX00969,INT072,C017,2,0
INTX00970,INT072,C010,2,0
INTX00971,INT072,C016,5,1
INTX00972,INT072,C022,3,1
INTX00973,INT072,C026,2,0
INTX00974,INT072,C001,2,0
INTX00975,INT072,C020,4,1
INTX00976,INT072,C018,2,0
INTX00977,INT072,C006,2,0
INTX00978,INT072,C009,2,0
INTX00979,INT072,C023,5,1
INTX00980,INT073,C005,3,1
INTX00981,INT073,C015,5,1
INTX00982,INT073,C029,2,0
INTX00983,INT073,C007,5,1
INTX00984,INT073,C016,2,0
INTX00985,INT073,C004,3,1
INTX00986,INT073,C017,5,1
INTX00987,INT073,C021,3,1
INTX00988,INT073,C020,3,1
INTX00989,INT073,C008,3,1
INTX00990,INT074,C028,5,1
INTX00991,INT074,C003,5,1
INTX00992,INT074,C004,5,0
INTX00993,INT074,C017,1,0
INTX00994,INT074,C025,1,0
INTX00995,INT074,C005,4,1
INTX00996,INT074,C010,5,0
INTX00997,INT074,C015,2,0
INTX00998,INT074,C014,2,0
INTX00999,INT074,C007,4,1
INTX01000,INT074,C001,1,0
INTX01001,INT074,C008,4,1
INTX01002,INT074,C012,3,1
INTX01003,INT075,C021,3,1
INTX01004,INT075,C026,4,1
INTX01005,INT075,C001,5,1
INTX01006,INT075,C027,5,0
INTX01007,INT075,C014,4,1
INTX01008,INT075,C002,5,1
INTX01009,INT075,C017,4,1
INTX01010,INT075,C006,4,1
INTX01011,INT075,C020,4,1
INTX01012,INT075,C015,4,1
INTX01013,INT075,C012,3,1
INTX01014,INT075,C016,3,1
INTX01015,INT075,C018,4,1
INTX01016,INT075,C011,3,1
INTX01017,INT075,C023,2,0
INTX01018,INT075,C008,2,0
INTX01019,INT075,C030,3,1
INTX01020,INT076,C007,4,1
INTX01021,INT076,C004,3,0
INTX01022,INT076,C008,5,1
INTX01023,INT076,C014,4,1
INTX01024,INT076,C024,3,1
INTX01025,INT076,C020,4,1
INTX01026,INT076,C006,4,0
INTX01027,INT076,C009,5,1
INTX01028,INT076,C012,4,1
INTX01029,INT076,C010,5,1
INTX01030,INT076,C013,5,1
INTX01031,INT076,C026,1,0
INTX01032,INT076,C025,2,0
INTX01033,INT076,C028,1,0
INTX01034,INT076,C030,3,1
INTX01035,INT077,C015,5,0
INTX01036,INT077,C011,5,1
INTX01037,INT077,C014,5,1
INTX01038,INT077,C018,2,0
INTX01039,INT077,C025,3,1
INTX01040,INT077,C006,1,0
INTX01041,INT077,C016,5,1
INTX01042,INT077,C008,3,0
INTX01043,INT077,C007,4,0
INTX01044,INT077,C009,3,1
INTX01045,INT077,C010,4,1
INTX01046,INT077,C024,4,0
INTX01047,INT077,C020,4,1
INTX01048,INT077,C030,4,1
INTX01049,INT077,C017,4,0
INTX01050,INT078,C016,3,0
INTX01051,INT078,C014,4,1
INTX01052,INT078,C017,5,1
INTX01053,INT078,C011,5,1
INTX01054,INT078,C024,2,0
INTX01055,INT078,C008,2,0
INTX01056,INT078,C007,5,1
INTX01057,INT078,C009,5,1
INTX01058,INT078,C012,4,1
INTX01059,INT078,C021,2,0
INTX01060,INT078,C010,5,1
INTX01061,INT078,C001,4,1
INTX01062,INT078,C006,2,0
INTX01063,INT078,C002,3,1
INTX01064,INT078,C018,1,0
INTX01065,INT078,C005,1,0
INTX01066,INT078,C025,3,1
INTX01067,INT078,C027,3,1
INTX01068,INT079,C007,3,1
INTX01069,INT079,C014,3,1
INTX01070,INT079,C013,4,0
INTX01071,INT079,C017,3,1
INTX01072,INT079,C008,2,0
INTX01073,INT079,C025,3,1
INTX01074,INT079,C026,4,1
INTX01075,INT079,C012,5,1
INTX01076,INT079,C015,3,1
INTX01077,INT079,C006,4,1
INTX01078,INT079,C011,4,1
INTX01079,INT079,C019,2,0
INTX01080,INT079,C009,5,1
INTX01081,INT080,C004,3,1
INTX01082,INT080,C020,2,0
INTX01083,INT080,C022,3,1
INTX01084,INT080,C014,5,1
INTX01085,INT080,C030,3,0
INTX01086,INT080,C018,4,0
INTX01087,INT080,C007,5,1
INTX01088,INT080,C008,3,1
INTX01089,INT080,C010,3,1
INTX01090,INT080,C025,2,0
INTX01091,INT080,C017,4,0
INTX01092,INT080,C024,4,1
INTX01093,INT080,C021,2,0
INTX01094,INT080,C015,2,0
INTX01095,INT080,C011,2,0
INTX01096,INT081,C001,3,1
INTX01097,INT081,C018,5,0
INTX01098,INT081,C013,4,1
INTX01099,INT081,C003,3,1
INTX01100,INT081,C022,1,0
INTX01101,INT081,C023,3,1
INTX01102,INT081,C030,3,1
INTX01103,INT081,C017,4,1
INTX01104,INT081,C011,4,1
INTX01105,INT081,C014,5,1
INTX01106,INT081,C009,3,1
INTX01107,INT081,C008,4,1
INTX01108,INT081,C012,3,1
INTX01109,INT081,C027,3,1
INTX01110,INT081,C007,5,1
INTX01111,INT082,C011,4,1
INTX01112,INT082,C015,3,1
INTX01113,INT082,C022,1,0
INTX01114,INT082,C020,1,0
INTX01115,INT082,C029,2,0
INTX01116,INT082,C010,2,0
INTX01117,INT082,C008,4,0
INTX01118,INT082,C007,5,1
INTX01119,INT082,C004,3,0
INTX01120,INT082,C005,5,1
INTX01121,INT083,C027,5,1
INTX01122,INT083,C002,4,1
INTX01123,INT083,C005,5,1
INTX01124,INT083,C006,1,0
INTX01125,INT083,C021,2,0
INTX01126,INT083,C020,3,1
INTX01127,INT083,C024,3,1
INTX01128,INT083,C013,1,0
INTX01129,INT083,C018,5,1
INTX01130,INT083,C016,2,0
INTX01131,INT083,C011,2,0
INTX01132,INT083,C019,5,1
INTX01133,INT083,C026,5,1
INTX01134,INT083,C010,1,0
INTX01135,INT083,C003,5,1
INTX01136,INT083,C014,1,0
INTX01137,INT083,C001,5,1
INTX01138,INT084,C014,3,1
INTX01139,INT084,C020,1,0
INTX01140,INT084,C011,4,1
INTX01141,INT084,C001,4,1
INTX01142,INT084,C007,4,1
INTX01143,INT084,C025,3,1
INTX01144,INT084,C030,3,1
INTX01145,INT084,C013,1,0
INTX01146,INT084,C017,5,1
INTX01147,INT084,C012,3,1
INTX01148,INT084,C015,4,0
INTX01149,INT084,C016,5,1
INTX01150,INT084,C029,3,1
INTX01151,INT084,C019,3,0
INTX01152,INT085,C027,2,0
INTX01153,INT085,C017,5,1
INTX01154,INT085,C009,3,1
INTX01155,INT085,C007,4,1
INTX01156,INT085,C023,4,1
INTX01157,INT085,C012,4,1
INTX01158,INT085,C010,4,1
INTX01159,INT085,C025,2,0
INTX01160,INT085,C013,4,1
INTX01161,INT085,C019,2,0
INTX01162,INT085,C008,3,0
INTX01163,INT085,C029,4,1
INTX01164,INT085,C028,4,1
INTX01165,INT085,C011,4,1
INTX01166,INT085,C021,4,1
INTX01167,INT085,C015,3,1
INTX01168,INT086,C027,2,0
INTX01169,INT086,C013,2,0
INTX01170,INT086,C017,4,1
INTX01171,INT086,C014,5,1
INTX01172,INT086,C019,4,1
INTX01173,INT086,C003,3,1
INTX01174,INT086,C008,1,0
INTX01175,INT086,C020,3,1
INTX01176,INT086,C006,2,0
INTX01177,INT086,C016,4,0
INTX01178,INT086,C011,5,0
INTX01179,INT086,C023,2,0
INTX01180,INT086,C029,2,0
INTX01181,INT086,C030,3,1
INTX01182,INT086,C025,1,0
INTX01183,INT086,C024,2,0
INTX01184,INT087,C002,2,0
INTX01185,INT087,C028,2,0
INTX01186,INT087,C014,5,0
INTX01187,INT087,C027,2,0
INTX01188,INT087,C009,4,0
INTX01189,INT087,C013,2,0
INTX01190,INT087,C022,1,0
INTX01191,INT087,C024,2,0
INTX01192,INT087,C016,3,1
INTX01193,INT087,C029,5,1
INTX01194,INT087,C001,3,1
INTX01195,INT087,C015,3,1
INTX01196,INT087,C012,5,1
INTX01197,INT087,C030,3,0
INTX01198,INT087,C008,5,1
INTX01199,INT087,C004,1,0
INTX01200,INT087,C010,2,0
INTX01201,INT088,C005,4,1
INTX01202,INT088,C016,3,0
INTX01203,INT088,C023,1,0
INTX01204,INT088,C007,5,1
INTX01205,INT088,C018,3,1
INTX01206,INT088,C006,4,1
INTX01207,INT088,C003,3,1
INTX01208,INT088,C008,4,1
INTX01209,INT088,C017,4,1
INTX01210,INT088,C027,3,1
INTX01211,INT088,C010,4,0
INTX01212,INT088,C024,1,0
INTX01213,INT088,C021,2,0
INTX01214,INT088,C004,5,1
INTX01215,INT089,C004,4,1
INTX01216,INT089,C030,1,0
INTX01217,INT089,C005,5,1
INTX01218,INT089,C003,3,1
INTX01219,INT089,C010,3,1
INTX01220,INT089,C017,2,0
INTX01221,INT089,C002,4,1
INTX01222,INT089,C013,3,1
INTX01223,INT089,C006,4,1
INTX01224,INT089,C027,2,0
INTX01225,INT089,C024,2,0
INTX01226,INT089,C029,1,0
INTX01227,INT089,C008,4,1
INTX01228,INT089,C014,4,1
INTX01229,INT090,C018,1,0
INTX01230,INT090,C019,3,1
INTX01231,INT090,C009,3,1
INTX01232,INT090,C008,5,1
INTX01233,INT090,C001,2,0
INTX01234,INT090,C014,4,0
INTX01235,INT090,C005,5,1
INTX01236,INT090,C011,5,1
INTX01237,INT090,C013,4,1
INTX01238,INT090,C027,2,0
INTX01239,INT090,C028,2,0
INTX01240,INT090,C025,3,1
INTX01241,INT090,C007,5,1
INTX01242,INT090,C012,3,1
INTX01243,INT090,C023,3,1
INTX01244,INT091,C009,3,0
INTX01245,INT091,C022,3,1
INTX01246,INT091,C003,3,1
INTX01247,INT091,C011,4,1
INTX01248,INT091,C010,3,0
INTX01249,INT091,C005,4,1
INTX01250,INT091,C019,1,0
INTX01251,INT091,C025,2,0
INTX01252,INT091,C014,4,1
INTX01253,INT091,C001,4,0
INTX01254,INT091,C027,2,0
INTX01255,INT091,C008,4,1
INTX01256,INT091,C006,2,0
INTX01257,INT091,C021,2,0
INTX01258,INT091,C013,2,0
INTX01259,INT091,C007,5,1
INTX01260,INT091,C012,4,0
INTX01261,INT091,C029,4,1
INTX01262,INT092,C021,4,1
INTX01263,INT092,C017,3,1
INTX01264,INT092,C011,4,1
INTX01265,INT092,C003,1,0
INTX01266,INT092,C007,2,0
INTX01267,INT092,C004,3,1
INTX01268,INT092,C009,4,1
INTX01269,INT092,C022,3,1
INTX01270,INT092,C028,1,0
INTX01271,INT092,C010,2,0
INTX01272,INT092,C002,2,0
INTX01273,INT092,C027,2,0
INTX01274,INT092,C013,2,0
INTX01275,INT092,C015,3,1
INTX01276,INT092,C001,1,0
INTX01277,INT092,C025,2,0
INTX01278,INT092,C019,1,0
INTX01279,INT092,C029,3,1
INTX01280,INT093,C003,2,0
INTX01281,INT093,C012,5,0
INTX01282,INT093,C011,3,1
INTX01283,INT093,C010,4,1
INTX01284,INT093,C007,5,1
INTX01285,INT093,C013,5,1
INTX01286,INT093,C020,2,0
INTX01287,INT093,C018,2,0
INTX01288,INT093,C009,5,1
INTX01289,INT093,C014,5,1
INTX01290,INT093,C002,1,0
INTX01291,INT093,C001,5,1
INTX01292,INT093,C015,5,0
INTX01293,INT093,C024,4,1
INTX01294,INT093,C006,3,0
INTX01295,INT093,C022,2,0
INTX01296,INT094,C014,4,1
INTX01297,INT094,C016,3,1
INTX01298,INT094,C017,5,1
INTX01299,INT094,C015,4,1
INTX01300,INT094,C002,1,0
INTX01301,INT094,C011,3,1
INTX01302,INT094,C007,5,1
INTX01303,INT094,C005,2,0
INTX01304,INT094,C022,4,0
INTX01305,INT094,C020,4,1
INTX01306,INT094,C009,1,0
INTX01307,INT095,C001,2,0
INTX01308,INT095,C011,5,1
INTX01309,INT095,C027,2,0
INTX01310,INT095,C009,2,0
INTX01311,INT095,C014,4,1
INTX01312,INT095,C008,5,1
INTX01313,INT095,C007,5,0
INTX01314,INT095,C030,2,0
INTX01315,INT095,C013,5,0
INTX01316,INT095,C002,3,1
INTX01317,INT095,C019,5,1
INTX01318,INT095,C023,2,0
INTX01319,INT095,C024,4,1
INTX01320,INT095,C015,3,1
INTX01321,INT095,C020,4,1
INTX01322,INT095,C021,4,1
INTX01323,INT095,C016,1,0
INTX01324,INT095,C025,2,0
INTX01325,INT096,C013,1,0
INTX01326,INT096,C010,2,0
INTX01327,INT096,C006,5,1
INTX01328,INT096,C004,3,1
INTX01329,INT096,C003,4,0
INTX01330,INT096,C022,5,1
INTX01331,INT096,C026,3,1
INTX01332,INT096,C007,4,1
INTX01333,INT096,C021,3,1
INTX01334,INT096,C023,2,0
INTX01335,INT097,C004,5,1
INTX01336,INT097,C003,4,1
INTX01337,INT097,C022,4,1
INTX01338,INT097,C029,5,1
INTX01339,INT097,C007,5,1
INTX01340,INT097,C025,4,1
INTX01341,INT097,C008,4,1
INTX01342,INT097,C006,3,1
INTX01343,INT097,C026,3,1
INTX01344,INT097,C016,2,0
INTX01345,INT097,C019,2,0
INTX01346,INT097,C010,3,1
INTX01347,INT097,C020,3,1
INTX01348,INT098,C009,2,0
INTX01349,INT098,C025,4,1
INTX01350,INT098,C028,4,1
INTX01351,INT098,C001,5,1
INTX01352,INT098,C018,4,1
INTX01353,INT098,C026,4,1
INTX01354,INT098,C010,3,1
INTX01355,INT098,C012,4,1
INTX01356,INT098,C024,1,0
INTX01357,INT098,C029,4,0
INTX01358,INT098,C022,2,0
INTX01359,INT098,C027,1,0
INTX01360,INT098,C015,2,0
INTX01361,INT098,C005,3,1
INTX01362,INT098,C021,3,0
INTX01363,INT098,C017,3,1
INTX01364,INT099,C030,1,0
INTX01365,INT099,C001,2,0
INTX01366,INT099,C013,2,0
INTX01367,INT099,C011,3,1
INTX01368,INT099,C010,3,1
INTX01369,INT099,C016,3,1
INTX01370,INT099,C007,3,1
INTX01371,INT099,C008,5,1
INTX01372,INT099,C009,5,1
INTX01373,INT099,C012,4,1
INTX01374,INT099,C023,2,0
INTX01375,INT099,C005,3,1
INTX01376,INT099,C021,2,0
INTX01377,INT099,C002,2,0
INTX01378,INT099,C020,4,0
INTX01379,INT099,C022,2,0
INTX01380,INT099,C006,2,0
INTX01381,INT100,C006,4,1
INTX01382,INT100,C030,4,1
INTX01383,INT100,C007,3,1
INTX01384,INT100,C010,4,1
INTX01385,INT100,C020,1,0
INTX01386,INT100,C008,3,1
INTX01387,INT100,C001,2,0
INTX01388,INT100,C026,3,1
INTX01389,INT100,C003,5,1
INTX01390,INT100,C023,2,0
INTX01391,INT101,C009,4,1
INTX01392,INT101,C012,5,1
INTX01393,INT101,C004,4,1
INTX01394,INT101,C008,5,1
INTX01395,INT101,C027,2,0
INTX01396,INT101,C011,4,1
INTX01397,INT101,C001,1,0
INTX01398,INT101,C023,3,1
INTX01399,INT101,C007,4,1
INTX01400,INT101,C014,5,0
INTX01401,INT101,C002,4,1
INTX01402,INT102,C001,3,1
INTX01403,INT102,C002,4,0
INTX01404,INT102,C010,5,1
INTX01405,INT102,C009,3,1
INTX01406,INT102,C030,1,0
INTX01407,INT102,C005,5,1
INTX01408,INT102,C003,2,0
INTX01409,INT102,C026,4,1
INTX01410,INT102,C019,2,0
INTX01411,INT102,C021,3,1
INTX01412,INT102,C008,2,0
INTX01413,INT102,C007,4,1
INTX01414,INT102,C013,2,0
INTX01415,INT103,C001,4,1
INTX01416,INT103,C030,2,0
INTX01417,INT103,C029,3,1
INTX01418,INT103,C019,5,1
INTX01419,INT103,C002,5,0
INTX01420,INT103,C018,5,1
INTX01421,INT103,C004,3,1
INTX01422,INT103,C021,4,1
INTX01423,INT103,C011,2,0
INTX01424,INT103,C007,4,1
INTX01425,INT104,C026,4,1
INTX01426,INT104,C001,3,0
INTX01427,INT104,C021,5,0
INTX01428,INT104,C002,5,1
INTX01429,INT104,C017,2,0
INTX01430,INT104,C019,5,1
INTX01431,INT104,C016,2,0
INTX01432,INT104,C030,2,0
INTX01433,INT104,C007,3,1
INTX01434,INT104,C022,2,0
INTX01435,INT105,C011,4,0
INTX01436,INT105,C008,2,0
INTX01437,INT105,C004,1,0
INTX01438,INT105,C022,2,0
INTX01439,INT105,C010,1,0
INTX01440,INT105,C014,3,1
INTX01441,INT105,C003,1,0
INTX01442,INT105,C017,2,0
INTX01443,INT105,C018,3,1
INTX01444,INT105,C007,3,1
INTX01445,INT105,C015,4,1
INTX01446,INT105,C029,3,1
INTX01447,INT105,C002,3,1
INTX01448,INT105,C024,3,1
INTX01449,INT105,C009,3,1
INTX01450,INT105,C016,3,1
INTX01451,INT106,C005,4,1
INTX01452,INT106,C006,5,1
INTX01453,INT106,C010,5,0
INTX01454,INT106,C007,5,1
INTX01455,INT106,C011,4,1
INTX01456,INT106,C003,3,0
INTX01457,INT106,C004,3,1
INTX01458,INT106,C009,1,0
INTX01459,INT106,C021,4,1
INTX01460,INT106,C001,3,1
INTX01461,INT106,C013,4,1
INTX01462,INT106,C014,2,0
INTX01463,INT106,C026,2,0
INTX01464,INT106,C029,2,0
INTX01465,INT106,C002,5,1
INTX01466,INT106,C008,5,1
INTX01467,INT106,C028,4,1
INTX01468,INT107,C012,3,1
INTX01469,INT107,C001,2,0
INTX01470,INT107,C004,3,0
INTX01471,INT107,C029,4,1
INTX01472,INT107,C018,5,1
INTX01473,INT107,C020,5,1
INTX01474,INT107,C022,3,1
INTX01475,INT107,C014,1,0
INTX01476,INT107,C002,5,0
INTX01477,INT107,C006,2,0
INTX01478,INT107,C011,4,1
INTX01479,INT108,C025,4,0
INTX01480,INT108,C011,3,0
INTX01481,INT108,C024,2,0
INTX01482,INT108,C019,3,1
INTX01483,INT108,C007,5,0
INTX01484,INT108,C017,4,0
INTX01485,INT108,C028,1,0
INTX01486,INT108,C015,5,1
INTX01487,INT108,C016,5,1
INTX01488,INT108,C014,5,1
INTX01489,INT108,C003,1,0
INTX01490,INT108,C009,3,1
INTX01491,INT109,C009,3,1
INTX01492,INT109,C025,3,0
INTX01493,INT109,C021,3,1
INTX01494,INT109,C010,2,0
INTX01495,INT109,C023,3,1
INTX01496,INT109,C022,4,0
INTX01497,INT109,C020,2,0
INTX01498,INT109,C006,2,0
INTX01499,INT109,C018,4,1
INTX01500,INT109,C028,2,0
INTX01501,INT109,C024,5,1
INTX01502,INT109,C003,3,1
INTX01503,INT109,C013,5,1
INTX01504,INT109,C002,1,0
INTX01505,INT109,C030,3,1
INTX01506,INT109,C017,2,0
INTX01507,INT110,C021,1,0
INTX01508,INT110,C025,3,1
INTX01509,INT110,C023,2,0
INTX01510,INT110,C014,5,1
INTX01511,INT110,C007,5,0
INTX01512,INT110,C009,5,1
INTX01513,INT110,C003,3,1
INTX01514,INT110,C027,2,0
INTX01515,INT110,C017,1,0
INTX01516,INT110,C022,3,1
INTX01517,INT110,C001,2,0
INTX01518,INT110,C011,5,0
INTX01519,INT110,C012,3,1
INTX01520,INT110,C026,4,1
INTX01521,INT111,C026,4,1
INTX01522,INT111,C013,1,0
INTX01523,INT111,C018,4,1
INTX01524,INT111,C021,3,1
INTX01525,INT111,C019,3,1
INTX01526,INT111,C001,3,1
INTX01527,INT111,C025,2,0
INTX01528,INT111,C030,4,0
INTX01529,INT111,C023,3,1
INTX01530,INT111,C008,1,0
INTX01531,INT111,C027,5,1
INTX01532,INT111,C002,3,1
INTX01533,INT111,C020,4,1
INTX01534,INT111,C010,4,1
INTX01535,INT111,C011,3,1
INTX01536,INT111,C005,1,0
INTX01537,INT111,C024,4,1
INTX01538,INT112,C004,2,0
INTX01539,INT112,C028,3,1
INTX01540,INT112,C012,2,0
INTX01541,INT112,C025,4,1
INTX01542,INT112,C009,3,1
INTX01543,INT112,C001,2,0
INTX01544,INT112,C021,4,1
INTX01545,INT112,C024,4,1
INTX01546,INT112,C027,1,0
INTX01547,INT112,C026,2,0
INTX01548,INT112,C010,5,0
INTX01549,INT112,C014,2,0
INTX01550,INT112,C013,1,0
INTX01551,INT112,C017,2,0
INTX01552,INT112,C019,2,0
INTX01553,INT113,C028,2,0
INTX01554,INT113,C003,2,0
INTX01555,INT113,C030,4,1
INTX01556,INT113,C016,2,0
INTX01557,INT113,C014,1,0
INTX01558,INT113,C025,3,1
INTX01559,INT113,C007,2,0
INTX01560,INT113,C005,1,0
INTX01561,INT113,C029,3,1
INTX01562,INT113,C021,2,0
INTX01563,INT113,C026,4,1
INTX01564,INT114,C005,1,0
INTX01565,INT114,C018,3,1
INTX01566,INT114,C015,2,0
INTX01567,INT114,C019,4,1
INTX01568,INT114,C017,4,1
INTX01569,INT114,C001,3,1
INTX01570,INT114,C020,4,1
INTX01571,INT114,C027,4,1
INTX01572,INT114,C026,5,1
INTX01573,INT114,C012,2,0
INTX01574,INT115,C008,2,0
INTX01575,INT115,C007,3,1
INTX01576,INT115,C026,2,0
INTX01577,INT115,C009,5,0
INTX01578,INT115,C010,4,1
INTX01579,INT115,C018,5,1
INTX01580,INT115,C028,3,1
INTX01581,INT115,C016,4,1
INTX01582,INT115,C013,5,1
INTX01583,INT115,C025,2,0
INTX01584,INT116,C021,1,0
INTX01585,INT116,C030,3,1
INTX01586,INT116,C019,3,1
INTX01587,INT116,C013,3,0
INTX01588,INT116,C010,4,1
INTX01589,INT116,C012,5,1
INTX01590,INT116,C003,3,1
INTX01591,INT116,C017,1,0
INTX01592,INT116,C011,2,0
INTX01593,INT116,C002,2,0
INTX01594,INT116,C004,2,0
INTX01595,INT116,C016,2,0
INTX01596,INT116,C007,3,1
INTX01597,INT116,C014,5,0
INTX01598,INT116,C001,3,1
INTX01599,INT116,C009,5,1
INTX01600,INT117,C012,3,1
INTX01601,INT117,C007,5,1
INTX01602,INT117,C006,3,0
INTX01603,INT117,C022,3,1
INTX01604,INT117,C013,3,1
INTX01605,INT117,C009,3,1
INTX01606,INT117,C008,4,1
INTX01607,INT117,C005,1,0
INTX01608,INT117,C010,5,1
INTX01609,INT117,C014,4,1
INTX01610,INT117,C027,2,0
INTX01611,INT117,C025,3,1
INTX01612,INT117,C026,4,1
INTX01613,INT117,C003,1,0
INTX01614,INT117,C004,1,0
INTX01615,INT118,C005,1,0
INTX01616,INT118,C021,4,1
INTX01617,INT118,C020,5,1
INTX01618,INT118,C018,4,1
INTX01619,INT118,C019,4,1
INTX01620,INT118,C013,5,1
INTX01621,INT118,C026,4,1
INTX01622,INT118,C002,4,1
INTX01623,INT118,C007,1,0
INTX01624,INT118,C016,1,0
INTX01625,INT118,C009,4,1
INTX01626,INT118,C029,2,0
INTX01627,INT118,C028,3,1
INTX01628,INT118,C015,1,0
INTX01629,INT118,C025,3,1
INTX01630,INT119,C007,4,0
INTX01631,INT119,C016,4,1
INTX01632,INT119,C010,4,1
INTX01633,INT119,C028,3,1
INTX01634,INT119,C005,5,1
INTX01635,INT119,C003,3,1
INTX01636,INT119,C011,2,0
INTX01637,INT119,C023,1,0
INTX01638,INT119,C006,4,1
INTX01639,INT119,C013,2,0
INTX01640,INT119,C019,3,1
INTX01641,INT119,C027,1,0
INTX01642,INT119,C008,4,1
INTX01643,INT120,C001,3,0
INTX01644,INT120,C029,3,1
INTX01645,INT120,C013,2,0
INTX01646,INT120,C016,3,0
INTX01647,INT120,C004,4,1
INTX01648,INT120,C017,4,1
INTX01649,INT120,C027,4,1
INTX01650,INT120,C007,3,1
INTX01651,INT120,C019,1,0
INTX01652,INT120,C014,4,1
INTX01653,INT120,C025,1,0
INTX01654,INT121,C007,1,0
INTX01655,INT121,C030,4,1
INTX01656,INT121,C014,2,0
INTX01657,INT121,C029,4,0
INTX01658,INT121,C028,5,1
INTX01659,INT121,C013,2,0
INTX01660,INT121,C001,4,1
INTX01661,INT121,C016,2,0
INTX01662,INT121,C012,2,0
INTX01663,INT121,C019,5,0
INTX01664,INT121,C017,1,0
INTX01665,INT121,C025,2,0
INTX01666,INT121,C024,2,0
INTX01667,INT121,C003,2,0
INTX01668,INT121,C008,3,1
INTX01669,INT121,C018,5,1
INTX01670,INT121,C026,4,1
INTX01671,INT122,C012,5,1
INTX01672,INT122,C007,3,1
INTX01673,INT122,C008,3,0
INTX01674,INT122,C009,3,1
INTX01675,INT122,C026,3,1
INTX01676,INT122,C010,4,1
INTX01677,INT122,C014,5,1
INTX01678,INT122,C028,2,0
INTX01679,INT122,C023,3,1
INTX01680,INT122,C013,4,0
INTX01681,INT122,C020,2,0
INTX01682,INT122,C001,3,1
INTX01683,INT122,C011,5,0
INTX01684,INT123,C003,4,1
INTX01685,INT123,C001,4,1
INTX01686,INT123,C026,4,1
INTX01687,INT123,C029,5,1
INTX01688,INT123,C008,1,0
INTX01689,INT123,C005,1,0
INTX01690,INT123,C028,4,1
INTX01691,INT123,C012,1,0
INTX01692,INT123,C017,3,1
INTX01693,INT123,C018,2,0
INTX01694,INT124,C010,3,1
INTX01695,INT124,C015,3,1
INTX01696,INT124,C012,5,1
INTX01697,INT124,C007,4,0
INTX01698,INT124,C028,4,1
INTX01699,INT124,C014,5,1
INTX01700,INT124,C018,4,1
INTX01701,INT124,C005,3,0
INTX01702,INT124,C003,2,0
INTX01703,INT124,C002,3,1
INTX01704,INT124,C008,5,1
INTX01705,INT124,C011,5,1
INTX01706,INT124,C027,4,1
INTX01707,INT124,C009,4,1
INTX01708,INT124,C020,2,0
INTX01709,INT125,C006,4,1
INTX01710,INT125,C003,5,0
INTX01711,INT125,C029,2,0
INTX01712,INT125,C028,3,1
INTX01713,INT125,C010,4,1
INTX01714,INT125,C026,5,0
INTX01715,INT125,C001,3,1
INTX01716,INT125,C021,2,0
INTX01717,INT125,C004,4,1
INTX01718,INT125,C027,3,0
INTX01719,INT125,C013,3,1
INTX01720,INT125,C002,4,1
INTX01721,INT125,C007,4,1
INTX01722,INT126,C010,4,1
INTX01723,INT126,C012,3,1
INTX01724,INT126,C020,3,1
INTX01725,INT126,C015,3,1
INTX01726,INT126,C008,4,0
INTX01727,INT126,C017,2,0
INTX01728,INT126,C007,3,1
INTX01729,INT126,C022,1,0
INTX01730,INT126,C005,2,0
INTX01731,INT126,C014,3,1
INTX01732,INT126,C024,1,0
INTX01733,INT126,C009,5,1
INTX01734,INT126,C011,5,1
INTX01735,INT126,C028,1,0
INTX01736,INT126,C018,4,1
INTX01737,INT126,C004,4,1
INTX01738,INT126,C013,4,1
INTX01739,INT127,C015,2,0
INTX01740,INT127,C013,5,1
INTX01741,INT127,C005,2,0
INTX01742,INT127,C014,4,0
INTX01743,INT127,C004,5,1
INTX01744,INT127,C016,2,0
INTX01745,INT127,C008,2,0
INTX01746,INT127,C022,2,0
INTX01747,INT127,C002,2,0
INTX01748,INT127,C011,4,1
INTX01749,INT127,C007,5,1
INTX01750,INT127,C028,2,0
INTX01751,INT127,C010,5,1
INTX01752,INT127,C020,1,0
INTX01753,INT127,C018,3,1
INTX01754,INT127,C006,2,0
INTX01755,INT127,C009,4,1
INTX01756,INT127,C012,5,1
INTX01757,INT128,C025,5,1
INTX01758,INT128,C030,3,1
INTX01759,INT128,C026,2,0
INTX01760,INT128,C003,1,0
INTX01761,INT128,C006,2,0
INTX01762,INT128,C022,3,0
INTX01763,INT128,C021,3,1
INTX01764,INT128,C019,1,0
INTX01765,INT128,C018,4,1
INTX01766,INT128,C001,2,0
INTX01767,INT128,C010,3,1
INTX01768,INT128,C016,2,0
INTX01769,INT129,C026,3,1
INTX01770,INT129,C024,4,1
INTX01771,INT129,C002,4,1
INTX01772,INT129,C020,3,1
INTX01773,INT129,C018,3,1
INTX01774,INT129,C019,3,1
INTX01775,INT129,C001,5,1
INTX01776,INT129,C010,4,1
INTX01777,INT129,C006,1,0
INTX01778,INT129,C023,3,1
INTX01779,INT129,C027,4,1
INTX01780,INT129,C007,5,1
INTX01781,INT129,C005,2,0
INTX01782,INT129,C017,4,1
INTX01783,INT129,C016,3,1
INTX01784,INT130,C029,3,1
INTX01785,INT130,C004,3,1
INTX01786,INT130,C025,5,1
INTX01787,INT130,C023,4,1
INTX01788,INT130,C007,3,1
INTX01789,INT130,C030,3,1
INTX01790,INT130,C026,2,0
INTX01791,INT130,C019,1,0
INTX01792,INT130,C002,3,1
INTX01793,INT130,C018,4,0
INTX01794,INT130,C020,4,1
INTX01795,INT130,C003,3,1
INTX01796,INT130,C015,3,1
INTX01797,INT130,C017,2,0
INTX01798,INT130,C024,4,1
INTX01799,INT131,C019,2,0
INTX01800,INT131,C023,5,0
INTX01801,INT131,C017,2,0
INTX01802,INT131,C013,2,0
INTX01803,INT131,C022,5,1
INTX01804,INT131,C002,3,0
INTX01805,INT131,C021,5,1
INTX01806,INT131,C024,5,1
INTX01807,INT131,C025,5,1
INTX01808,INT131,C010,1,0
INTX01809,INT131,C012,3,1
INTX01810,INT131,C029,2,0
INTX01811,INT131,C004,3,1
INTX01812,INT131,C016,4,1
INTX01813,INT131,C006,3,1
INTX01814,INT131,C030,3,1
INTX01815,INT131,C018,5,1
INTX01816,INT132,C002,5,1
INTX01817,INT132,C028,2,0
INTX01818,INT132,C005,5,1
INTX01819,INT132,C020,4,1
INTX01820,INT132,C019,2,0
INTX01821,INT132,C011,4,1
INTX01822,INT132,C003,5,0
INTX01823,INT132,C008,3,1
INTX01824,INT132,C001,5,0
INTX01825,INT132,C027,1,0
INTX01826,INT133,C026,1,0
INTX01827,INT133,C013,3,1
INTX01828,INT133,C025,2,0
INTX01829,INT133,C005,2,0
INTX01830,INT133,C023,5,1
INTX01831,INT133,C009,2,0
INTX01832,INT133,C029,3,1
INTX01833,INT133,C019,3,1
INTX01834,INT133,C028,3,1
INTX01835,INT133,C015,1,0
INTX01836,INT133,C010,3,0
INTX01837,INT133,C007,3,1
INTX01838,INT133,C004,5,1
INTX01839,INT133,C018,5,1
INTX01840,INT133,C022,5,0
INTX01841,INT133,C006,3,1
INTX01842,INT134,C007,2,0
INTX01843,INT134,C026,2,0
INTX01844,INT134,C018,3,1
INTX01845,INT134,C006,2,0
INTX01846,INT134,C002,5,1
INTX01847,INT134,C019,3,1
INTX01848,INT134,C027,2,0
INTX01849,INT134,C028,4,0
INTX01850,INT134,C008,5,0
INTX01851,INT134,C020,3,1
INTX01852,INT134,C015,3,0
INTX01853,INT134,C024,2,0
INTX01854,INT135,C005,4,0
INTX01855,INT135,C013,3,1
INTX01856,INT135,C029,2,0
INTX01857,INT135,C026,3,1
INTX01858,INT135,C008,3,1
INTX01859,INT135,C020,3,1
INTX01860,INT135,C004,4,1
INTX01861,INT135,C006,5,1
INTX01862,INT135,C003,5,1
INTX01863,INT135,C021,4,1
INTX01864,INT135,C007,5,1
INTX01865,INT135,C030,3,1
INTX01866,INT135,C018,2,0
INTX01867,INT135,C014,1,0
INTX01868,INT135,C010,2,0
INTX01869,INT135,C025,1,0
INTX01870,INT135,C001,4,1
INTX01871,INT135,C009,2,0
INTX01872,INT136,C027,2,0
INTX01873,INT136,C028,3,1
INTX01874,INT136,C005,3,1
INTX01875,INT136,C021,4,1
INTX01876,INT136,C013,3,1
INTX01877,INT136,C001,5,1
INTX01878,INT136,C020,4,1
INTX01879,INT136,C018,3,1
INTX01880,INT136,C019,5,0
INTX01881,INT136,C023,1,0
INTX01882,INT136,C002,4,1
INTX01883,INT136,C009,3,1
INTX01884,INT136,C030,2,0
INTX01885,INT136,C012,2,0
INTX01886,INT136,C007,4,1
INTX01887,INT136,C011,3,0
INTX01888,INT136,C014,3,0
INTX01889,INT137,C006,2,0
INTX01890,INT137,C013,5,1
INTX01891,INT137,C011,5,1
INTX01892,INT137,C019,4,1
INTX01893,INT137,C008,4,1
INTX01894,INT137,C007,5,1
INTX01895,INT137,C010,5,1
INTX01896,INT137,C027,2,0
INTX01897,INT137,C015,2,0
INTX01898,INT137,C012,3,1
INTX01899,INT137,C005,2,0
INTX01900,INT137,C030,1,0
INTX01901,INT137,C014,5,0
INTX01902,INT137,C009,4,1
INTX01903,INT137,C029,1,0
INTX01904,INT137,C003,3,1
INTX01905,INT137,C023,1,0
INTX01906,INT138,C002,2,0
INTX01907,INT138,C004,5,1
INTX01908,INT138,C012,2,0
INTX01909,INT138,C025,5,1
INTX01910,INT138,C011,3,1
INTX01911,INT138,C003,5,1
INTX01912,INT138,C023,1,0
INTX01913,INT138,C009,3,1
INTX01914,INT138,C014,5,0
INTX01915,INT138,C015,3,1
INTX01916,INT138,C006,5,1
INTX01917,INT138,C005,5,1
INTX01918,INT138,C021,2,0
INTX01919,INT138,C016,4,1
INTX01920,INT138,C030,4,1
INTX01921,INT138,C007,4,1
INTX01922,INT138,C029,3,1
INTX01923,INT138,C017,3,1
INTX01924,INT139,C021,4,1
INTX01925,INT139,C029,3,1
INTX01926,INT139,C008,5,0
INTX01927,INT139,C018,1,0
INTX01928,INT139,C004,5,1
INTX01929,INT139,C010,3,1
INTX01930,INT139,C003,3,1
INTX01931,INT139,C007,5,1
INTX01932,INT139,C023,3,1
INTX01933,INT139,C005,5,1
INTX01934,INT139,C027,5,1
INTX01935,INT139,C006,4,1
INTX01936,INT139,C022,3,1
INTX01937,INT139,C019,3,1
INTX01938,INT139,C013,4,1
INTX01939,INT140,C013,4,1
INTX01940,INT140,C008,3,1
INTX01941,INT140,C019,4,1
INTX01942,INT140,C012,5,1
INTX01943,INT140,C010,4,1
INTX01944,INT140,C006,2,0
INTX01945,INT140,C028,3,1
INTX01946,INT140,C009,5,1
INTX01947,INT140,C007,5,1
INTX01948,INT140,C011,5,1
INTX01949,INT140,C002,3,1
INTX01950,INT140,C020,4,1
INTX01951,INT140,C014,3,1
INTX01952,INT140,C016,1,0
INTX01953,INT140,C030,2,0
INTX01954,INT141,C027,3,1
INTX01955,INT141,C013,4,1
INTX01956,INT141,C001,4,1
INTX01957,INT141,C004,3,1
INTX01958,INT141,C029,3,1
INTX01959,INT141,C018,4,1
INTX01960,INT141,C026,5,1
INTX01961,INT141,C020,1,0
INTX01962,INT141,C007,4,1
INTX01963,INT141,C003,1,0
INTX01964,INT141,C016,2,0
INTX01965,INT141,C024,5,1
INTX01966,INT141,C028,5,1
INTX01967,INT141,C006,3,1
INTX01968,INT141,C023,3,1
INTX01969,INT142,C021,5,1
INTX01970,INT142,C018,5,1
INTX01971,INT142,C027,4,1
INTX01972,INT142,C001,4,1
INTX01973,INT142,C022,1,0
INTX01974,INT142,C006,2,0
INTX01975,INT142,C019,3,1
INTX01976,INT142,C011,2,0
INTX01977,INT142,C015,1,0
INTX01978,INT142,C008,2,0
INTX01979,INT142,C012,1,0
INTX01980,INT142,C003,1,0
INTX01981,INT143,C027,2,0
INTX01982,INT143,C015,2,0
INTX01983,INT143,C004,3,1
INTX01984,INT143,C005,5,1
INTX01985,INT143,C022,2,0
INTX01986,INT143,C003,3,1
INTX01987,INT143,C007,3,0
INTX01988,INT143,C026,4,1
INTX01989,INT143,C013,3,0
INTX01990,INT143,C028,3,1
INTX01991,INT143,C006,4,1
INTX01992,INT143,C012,3,1
INTX01993,INT143,C008,5,0
INTX01994,INT143,C010,5,1
INTX01995,INT143,C021,3,1
INTX01996,INT143,C023,4,1
INTX01997,INT143,C009,2,0
INTX01998,INT144,C002,2,0
INTX01999,INT144,C019,5,1
INTX02000,INT144,C027,5,0
INTX02001,INT144,C010,3,1
INTX02002,INT144,C012,3,1
INTX02003,INT144,C015,5,1
INTX02004,INT144,C001,4,1
INTX02005,INT144,C021,5,1
INTX02006,INT144,C030,4,1
INTX02007,INT144,C018,2,0
INTX02008,INT144,C020,4,1
INTX02009,INT144,C007,1,0
INTX02010,INT144,C026,3,1
INTX02011,INT145,C004,4,1
INTX02012,INT145,C007,4,1
INTX02013,INT145,C028,1,0
INTX02014,INT145,C006,3,0
INTX02015,INT145,C024,2,0
INTX02016,INT145,C003,4,1
INTX02017,INT145,C016,1,0
INTX02018,INT145,C019,3,1
INTX02019,INT145,C008,4,1
INTX02020,INT145,C014,3,1
INTX02021,INT145,C023,2,0
INTX02022,INT145,C010,4,1
INTX02023,INT145,C020,2,0
INTX02024,INT145,C029,3,1
INTX02025,INT145,C021,4,1
INTX02026,INT145,C015,1,0
INTX02027,INT145,C017,2,0
INTX02028,INT145,C001,5,1
INTX02029,INT146,C019,3,1
INTX02030,INT146,C001,5,1
INTX02031,INT146,C027,5,0
INTX02032,INT146,C029,3,1
INTX02033,INT146,C018,2,0
INTX02034,INT146,C028,2,0
INTX02035,INT146,C021,4,1
INTX02036,INT146,C007,3,1
INTX02037,INT146,C020,3,1
INTX02038,INT146,C014,1,0
INTX02039,INT146,C003,2,0
INTX02040,INT146,C013,4,1
INTX02041,INT146,C026,5,1
INTX02042,INT146,C022,3,1
INTX02043,INT146,C008,2,0
INTX02044,INT146,C025,4,1
INTX02045,INT147,C025,5,1
INTX02046,INT147,C003,5,1
INTX02047,INT147,C016,1,0
INTX02048,INT147,C021,3,1
INTX02049,INT147,C028,2,0
INTX02050,INT147,C017,4,1
INTX02051,INT147,C018,3,1
INTX02052,INT147,C008,3,0
INTX02053,INT147,C015,4,1
INTX02054,INT147,C014,4,1
INTX02055,INT147,C027,3,1
INTX02056,INT148,C005,2,0
INTX02057,INT148,C002,2,0
INTX02058,INT148,C016,2,0
INTX02059,INT148,C010,5,0
INTX02060,INT148,C029,2,0
INTX02061,INT148,C008,5,1
INTX02062,INT148,C003,4,1
INTX02063,INT148,C022,4,1
INTX02064,INT148,C030,3,1
INTX02065,INT148,C007,4,0
INTX02066,INT148,C006,5,0
INTX02067,INT148,C026,3,1
INTX02068,INT148,C004,4,1
INTX02069,INT148,C018,3,1
INTX02070,INT148,C013,3,1
INTX02071,INT149,C005,4,1
INTX02072,INT149,C008,4,0
INTX02073,INT149,C022,2,0
INTX02074,INT149,C004,5,1
INTX02075,INT149,C006,2,0
INTX02076,INT149,C003,5,1
INTX02077,INT149,C016,3,1
INTX02078,INT149,C007,4,1
INTX02079,INT149,C025,3,1
INTX02080,INT149,C009,5,1
INTX02081,INT149,C029,4,1
INTX02082,INT149,C010,5,1
INTX02083,INT149,C030,2,0
INTX02084,INT149,C026,4,1
INTX02085,INT149,C001,1,0
INTX02086,INT149,C021,2,0
INTX02087,INT149,C013,2,0
INTX02088,INT150,C026,4,1
INTX02089,INT150,C029,4,1
INTX02090,INT150,C018,2,0
INTX02091,INT150,C024,4,1
INTX02092,INT150,C007,2,0
INTX02093,INT150,C028,2,0
INTX02094,INT150,C030,5,0
INTX02095,INT150,C010,2,0
INTX02096,INT150,C002,2,0
INTX02097,INT150,C021,2,0
INTX02098,INT150,C019,3,1
INTX02099,INT150,C001,4,1
INTX02100,INT151,C011,4,1
INTX02101,INT151,C018,2,0
INTX02102,INT151,C015,5,1
INTX02103,INT151,C014,3,1
INTX02104,INT151,C007,3,1
INTX02105,INT151,C016,4,1
INTX02106,INT151,C029,2,0
INTX02107,INT151,C022,4,1
INTX02108,INT151,C003,4,0
INTX02109,INT151,C013,2,0
INTX02110,INT151,C027,3,0
INTX02111,INT151,C017,3,1
INTX02112,INT151,C026,3,1
INTX02113,INT151,C025,4,0
INTX02114,INT152,C026,3,1
INTX02115,INT152,C024,3,1
INTX02116,INT152,C008,2,0
INTX02117,INT152,C001,5,1
INTX02118,INT152,C002,2,0
INTX02119,INT152,C022,2,0
INTX02120,INT152,C005,4,1
INTX02121,INT152,C015,3,0
INTX02122,INT152,C019,3,1
INTX02123,INT152,C016,4,0
INTX02124,INT152,C018,5,0
INTX02125,INT152,C004,1,0
INTX02126,INT152,C027,5,1
INTX02127,INT152,C023,2,0
INTX02128,INT152,C021,3,1
INTX02129,INT152,C013,2,0
INTX02130,INT153,C009,4,1
INTX02131,INT153,C013,5,1
INTX02132,INT153,C011,5,1
INTX02133,INT153,C010,5,1
INTX02134,INT153,C017,2,0
INTX02135,INT153,C025,2,0
INTX02136,INT153,C007,4,1
INTX02137,INT153,C020,4,1
INTX02138,INT153,C008,5,1
INTX02139,INT153,C002,3,1
INTX02140,INT153,C004,3,1
INTX02141,INT153,C027,4,1
INTX02142,INT153,C019,3,1
INTX02143,INT153,C012,4,1
INTX02144,INT154,C020,2,0
INTX02145,INT154,C009,4,1
INTX02146,INT154,C008,5,0
INTX02147,INT154,C010,5,1
INTX02148,INT154,C012,4,1
INTX02149,INT154,C011,2,0
INTX02150,INT154,C007,4,0
INTX02151,INT154,C001,3,1
INTX02152,INT154,C006,1,0
INTX02153,INT154,C022,2,0
INTX02154,INT155,C010,4,1
INTX02155,INT155,C028,1,0
INTX02156,INT155,C001,2,0
INTX02157,INT155,C005,5,1
INTX02158,INT155,C027,5,1
INTX02159,INT155,C004,3,1
INTX02160,INT155,C003,3,1
INTX02161,INT155,C023,4,0
INTX02162,INT155,C008,5,1
INTX02163,INT155,C030,4,1
INTX02164,INT155,C014,1,0
INTX02165,INT155,C011,4,1
INTX02166,INT155,C007,3,1
INTX02167,INT155,C015,2,0
INTX02168,INT156,C020,3,1
INTX02169,INT156,C002,5,1
INTX02170,INT156,C018,3,0
INTX02171,INT156,C019,3,1
INTX02172,INT156,C009,1,0
INTX02173,INT156,C016,3,1
INTX02174,INT156,C025,2,0
INTX02175,INT156,C027,4,1
INTX02176,INT156,C026,5,0
INTX02177,INT156,C011,4,1
INTX02178,INT156,C007,2,0
INTX02179,INT157,C013,3,1
INTX02180,INT157,C021,5,1
INTX02181,INT157,C008,5,1
INTX02182,INT157,C003,4,0
INTX02183,INT157,C010,4,1
INTX02184,INT157,C027,1,0
INTX02185,INT157,C020,3,1
INTX02186,INT157,C019,3,1
INTX02187,INT157,C005,5,1
INTX02188,INT157,C002,3,1
INTX02189,INT158,C019,3,0
INTX02190,INT158,C022,4,1
INTX02191,INT158,C004,3,1
INTX02192,INT158,C011,4,1
INTX02193,INT158,C027,2,0
INTX02194,INT158,C026,2,0
INTX02195,INT158,C024,5,1
INTX02196,INT158,C001,4,1
INTX02197,INT158,C016,2,0
INTX02198,INT158,C014,3,0
INTX02199,INT158,C028,4,1
INTX02200,INT158,C005,2,0
INTX02201,INT158,C020,1,0
INTX02202,INT158,C013,3,1
INTX02203,INT158,C018,5,0
INTX02204,INT158,C008,2,0
INTX02205,INT159,C006,4,1
INTX02206,INT159,C021,3,1
INTX02207,INT159,C015,5,0
INTX02208,INT159,C017,3,0
INTX02209,INT159,C024,4,1
INTX02210,INT159,C016,5,1
INTX02211,INT159,C019,2,0
INTX02212,INT159,C012,3,0
INTX02213,INT159,C011,5,1
INTX02214,INT159,C013,2,0
INTX02215,INT159,C026,1,0
INTX02216,INT159,C002,2,0
INTX02217,INT159,C029,1,0
INTX02218,INT159,C018,3,1
INTX02219,INT159,C008,4,1
INTX02220,INT160,C004,2,0
INTX02221,INT160,C011,4,1
INTX02222,INT160,C025,2,0
INTX02223,INT160,C007,5,0
INTX02224,INT160,C017,5,1
INTX02225,INT160,C029,3,0
INTX02226,INT160,C020,4,1
INTX02227,INT160,C009,1,0
INTX02228,INT160,C026,1,0
INTX02229,INT160,C005,3,1
INTX02230,INT160,C014,5,1
INTX02231,INT160,C016,3,1
INTX02232,INT160,C015,4,1
INTX02233,INT161,C019,3,1
INTX02234,INT161,C027,5,1
INTX02235,INT161,C026,4,1
INTX02236,INT161,C011,1,0
INTX02237,INT161,C018,3,1
INTX02238,INT161,C003,2,0
INTX02239,INT161,C001,5,1
INTX02240,INT161,C028,2,0
INTX02241,INT161,C007,3,0
INTX02242,INT161,C002,3,1
INTX02243,INT161,C020,4,1
INTX02244,INT161,C021,4,1
INTX02245,INT161,C029,5,1
INTX02246,INT161,C013,3,1
INTX02247,INT161,C004,1,0
INTX02248,INT162,C001,4,1
INTX02249,INT162,C028,2,0
INTX02250,INT162,C010,4,1
INTX02251,INT162,C025,3,1
INTX02252,INT162,C018,5,1
INTX02253,INT162,C029,4,1
INTX02254,INT162,C030,4,1
INTX02255,INT162,C005,2,0
INTX02256,INT162,C026,4,0
INTX02257,INT162,C009,3,1
INTX02258,INT163,C027,2,0
INTX02259,INT163,C012,2,0
INTX02260,INT163,C014,2,0
INTX02261,INT163,C019,4,1
INTX02262,INT163,C007,3,1
INTX02263,INT163,C013,4,1
INTX02264,INT163,C002,1,0
INTX02265,INT163,C010,3,0
INTX02266,INT163,C011,2,0
INTX02267,INT163,C005,2,0
INTX02268,INT163,C017,5,1
INTX02269,INT163,C023,2,0
INTX02270,INT163,C009,2,0
INTX02271,INT163,C015,1,0
INTX02272,INT163,C020,2,0
INTX02273,INT163,C001,4,1
INTX02274,INT163,C024,3,0
INTX02275,INT163,C022,2,0
INTX02276,INT164,C020,3,1
INTX02277,INT164,C006,2,0
INTX02278,INT164,C001,4,1
INTX02279,INT164,C015,5,1
INTX02280,INT164,C003,5,1
INTX02281,INT164,C019,3,1
INTX02282,INT164,C008,2,0
INTX02283,INT164,C010,4,1
INTX02284,INT164,C011,4,1
INTX02285,INT164,C005,2,0
INTX02286,INT164,C023,2,0
INTX02287,INT164,C028,3,1
INTX02288,INT164,C014,2,0
INTX02289,INT165,C021,4,0
INTX02290,INT165,C020,2,0
INTX02291,INT165,C016,3,1
INTX02292,INT165,C022,4,0
INTX02293,INT165,C024,5,1
INTX02294,INT165,C018,4,1
INTX02295,INT165,C023,4,1
INTX02296,INT165,C003,4,1
INTX02297,INT165,C025,5,1
INTX02298,INT165,C019,2,0
INTX02299,INT165,C007,3,1
INTX02300,INT165,C006,3,1
INTX02301,INT166,C025,4,1
INTX02302,INT166,C010,1,0
INTX02303,INT166,C008,1,0
INTX02304,INT166,C014,2,0
INTX02305,INT166,C018,3,0
INTX02306,INT166,C016,4,1
INTX02307,INT166,C024,5,1
INTX02308,INT166,C004,4,1
INTX02309,INT166,C026,3,1
INTX02310,INT166,C011,4,1
INTX02311,INT166,C015,5,1
INTX02312,INT166,C019,4,1
INTX02313,INT166,C028,1,0
INTX02314,INT166,C027,3,1
INTX02315,INT166,C002,4,0
INTX02316,INT166,C022,4,1
INTX02317,INT167,C011,4,1
INTX02318,INT167,C003,2,0
INTX02319,INT167,C017,5,1
INTX02320,INT167,C024,1,0
INTX02321,INT167,C007,4,0
INTX02322,INT167,C021,2,0
INTX02323,INT167,C023,1,0
INTX02324,INT167,C026,4,1
INTX02325,INT167,C010,3,1
INTX02326,INT167,C015,3,1
INTX02327,INT167,C014,3,1
INTX02328,INT167,C006,3,1
INTX02329,INT167,C019,4,1
INTX02330,INT167,C001,3,1
INTX02331,INT167,C025,1,0
INTX02332,INT167,C002,3,1
INTX02333,INT167,C016,5,1
INTX02334,INT168,C016,4,1
INTX02335,INT168,C007,2,0
INTX02336,INT168,C014,5,1
INTX02337,INT168,C011,5,1
INTX02338,INT168,C025,4,1
INTX02339,INT168,C002,3,1
INTX02340,INT168,C026,3,1
INTX02341,INT168,C022,2,0
INTX02342,INT168,C020,2,0
INTX02343,INT168,C030,3,1
INTX02344,INT168,C017,4,1
INTX02345,INT169,C021,4,1
INTX02346,INT169,C017,3,1
INTX02347,INT169,C012,2,0
INTX02348,INT169,C003,4,0
INTX02349,INT169,C013,4,1
INTX02350,INT169,C023,5,1
INTX02351,INT169,C028,3,1
INTX02352,INT169,C018,5,1
INTX02353,INT169,C010,2,0
INTX02354,INT169,C020,3,1
INTX02355,INT169,C024,3,0
INTX02356,INT169,C029,3,1
INTX02357,INT170,C005,3,1
INTX02358,INT170,C004,5,1
INTX02359,INT170,C007,4,1
INTX02360,INT170,C014,3,1
INTX02361,INT170,C008,4,1
INTX02362,INT170,C019,3,1
INTX02363,INT170,C022,1,0
INTX02364,INT170,C010,2,0
INTX02365,INT170,C011,2,0
INTX02366,INT170,C006,4,1
INTX02367,INT170,C025,2,0
INTX02368,INT170,C002,3,0
INTX02369,INT170,C016,2,0
INTX02370,INT170,C003,3,1
INTX02371,INT170,C023,3,1
INTX02372,INT170,C021,2,0
INTX02373,INT170,C026,3,1
INTX02374,INT170,C028,3,1
INTX02375,INT171,C021,2,0
INTX02376,INT171,C006,2,0
INTX02377,INT171,C004,5,0
INTX02378,INT171,C018,4,0
INTX02379,INT171,C026,5,1
INTX02380,INT171,C019,2,0
INTX02381,INT171,C001,5,1
INTX02382,INT171,C027,5,1
INTX02383,INT171,C024,4,1
INTX02384,INT171,C023,2,0
INTX02385,INT171,C028,2,0
INTX02386,INT171,C020,4,1
INTX02387,INT171,C003,3,1
INTX02388,INT171,C025,4,1
INTX02389,INT171,C012,3,1
INTX02390,INT171,C015,1,0
INTX02391,INT171,C010,1,0
INTX02392,INT172,C018,3,1
INTX02393,INT172,C016,3,1
INTX02394,INT172,C021,3,1
INTX02395,INT172,C017,3,0
INTX02396,INT172,C028,2,0
INTX02397,INT172,C020,4,1
INTX02398,INT172,C026,5,1
INTX02399,INT172,C002,5,1
INTX02400,INT172,C013,1,0
INTX02401,INT172,C019,4,1
INTX02402,INT172,C001,3,1
INTX02403,INT172,C027,5,1
INTX02404,INT173,C014,5,1
INTX02405,INT173,C028,2,0
INTX02406,INT173,C027,4,1
INTX02407,INT173,C019,1,0
INTX02408,INT173,C016,3,1
INTX02409,INT173,C009,5,1
INTX02410,INT173,C022,2,0
INTX02411,INT173,C011,5,1
INTX02412,INT173,C010,3,1
INTX02413,INT173,C007,5,1
INTX02414,INT173,C012,4,1
INTX02415,INT173,C002,2,0
INTX02416,INT173,C008,4,1
INTX02417,INT173,C021,4,1
INTX02418,INT173,C013,5,1
INTX02419,INT173,C026,5,1
INTX02420,INT173,C024,3,1
INTX02421,INT173,C023,2,0
INTX02422,INT174,C016,4,1
INTX02423,INT174,C010,4,1
INTX02424,INT174,C015,3,1
INTX02425,INT174,C014,3,1
INTX02426,INT174,C012,4,0
INTX02427,INT174,C008,5,1
INTX02428,INT174,C021,4,0
INTX02429,INT174,C013,5,1
INTX02430,INT174,C011,3,0
INTX02431,INT174,C027,4,1
INTX02432,INT174,C003,1,0
INTX02433,INT174,C026,3,1
INTX02434,INT174,C030,4,0
INTX02435,INT175,C010,4,1
INTX02436,INT175,C004,3,1
INTX02437,INT175,C015,3,1
INTX02438,INT175,C009,2,0
INTX02439,INT175,C013,3,1
INTX02440,INT175,C025,1,0
INTX02441,INT175,C008,2,0
INTX02442,INT175,C018,4,1
INTX02443,INT175,C006,5,1
INTX02444,INT175,C030,3,1
INTX02445,INT175,C014,3,1
INTX02446,INT175,C003,4,1
INTX02447,INT175,C011,3,1
INTX02448,INT175,C002,2,0
INTX02449,INT175,C001,3,1
INTX02450,INT175,C012,4,1
INTX02451,INT175,C007,5,1
INTX02452,INT176,C021,5,1
INTX02453,INT176,C022,5,1
INTX02454,INT176,C024,4,0
INTX02455,INT176,C029,3,1
INTX02456,INT176,C004,3,1
INTX02457,INT176,C003,2,0
INTX02458,INT176,C028,5,1
INTX02459,INT176,C005,3,1
INTX02460,INT176,C023,2,0
INTX02461,INT176,C013,1,0
INTX02462,INT176,C011,3,1
INTX02463,INT177,C002,1,0
INTX02464,INT177,C012,4,1
INTX02465,INT177,C009,3,0
INTX02466,INT177,C014,3,1
INTX02467,INT177,C004,1,0
INTX02468,INT177,C028,3,1
INTX02469,INT177,C008,3,1
INTX02470,INT177,C027,3,1
INTX02471,INT177,C030,2,0
INTX02472,INT177,C015,5,1
INTX02473,INT177,C001,3,1
INTX02474,INT177,C018,3,1
INTX02475,INT177,C026,2,0
INTX02476,INT177,C007,3,1
INTX02477,INT177,C005,2,0
INTX02478,INT177,C025,4,0
INTX02479,INT177,C017,3,1
INTX02480,INT177,C010,1,0
INTX02481,INT178,C030,2,0
INTX02482,INT178,C012,3,0
INTX02483,INT178,C019,3,0
INTX02484,INT178,C022,2,0
INTX02485,INT178,C014,3,0
INTX02486,INT178,C010,5,1
INTX02487,INT178,C011,3,1
INTX02488,INT178,C023,3,1
INTX02489,INT178,C009,4,1
INTX02490,INT178,C026,5,1
INTX02491,INT178,C008,4,1
INTX02492,INT178,C017,2,0
INTX02493,INT178,C027,2,0
INTX02494,INT178,C015,3,1
INTX02495,INT178,C007,4,1
INTX02496,INT178,C024,3,1
INTX02497,INT178,C013,5,1
INTX02498,INT178,C018,3,0
INTX02499,INT179,C017,4,1
INTX02500,INT179,C014,4,1
INTX02501,INT179,C024,1,0
INTX02502,INT179,C028,2,0
INTX02503,INT179,C011,5,1
INTX02504,INT179,C015,3,1
INTX02505,INT179,C005,2,0
INTX02506,INT179,C007,4,1
INTX02507,INT179,C025,1,0
INTX02508,INT179,C016,3,1
INTX02509,INT179,C013,2,0
INTX02510,INT179,C027,1,0
INTX02511,INT179,C019,3,1
INTX02512,INT179,C012,5,1
INTX02513,INT179,C002,2,0
INTX02514,INT179,C026,2,0
INTX02515,INT180,C019,2,0
INTX02516,INT180,C018,1,0
INTX02517,INT180,C006,5,1
INTX02518,INT180,C011,4,0
INTX02519,INT180,C024,2,0
INTX02520,INT180,C001,2,0
INTX02521,INT180,C008,4,1
INTX02522,INT180,C005,5,1
INTX02523,INT180,C007,4,1
INTX02524,INT180,C003,4,1
INTX02525,INT180,C009,4,1
INTX02526,INT180,C010,5,1
INTX02527,INT180,C017,3,1
INTX02528,INT180,C029,3,1
INTX02529,INT180,C016,4,1
INTX02530,INT180,C021,3,1
INTX02531,INT180,C027,1,0
INTX02532,INT181,C005,2,0
INTX02533,INT181,C027,1,0
INTX02534,INT181,C009,4,1
INTX02535,INT181,C023,4,1
INTX02536,INT181,C018,5,1
INTX02537,INT181,C007,4,1
INTX02538,INT181,C021,4,1
INTX02539,INT181,C013,5,1
INTX02540,INT181,C010,3,1
INTX02541,INT181,C012,5,1
INTX02542,INT181,C011,3,1
INTX02543,INT181,C014,4,1
INTX02544,INT181,C016,2,0
INTX02545,INT181,C028,1,0
INTX02546,INT181,C004,2,0
INTX02547,INT182,C013,2,0
INTX02548,INT182,C001,3,1
INTX02549,INT182,C002,3,0
INTX02550,INT182,C026,3,1
INTX02551,INT182,C017,5,1
INTX02552,INT182,C018,3,1
INTX02553,INT182,C024,5,1
INTX02554,INT182,C022,4,1
INTX02555,INT182,C019,5,1
INTX02556,INT182,C012,2,0
INTX02557,INT182,C021,2,0
INTX02558,INT182,C025,5,1
INTX02559,INT183,C026,4,1
INTX02560,INT183,C018,3,1
INTX02561,INT183,C020,5,1
INTX02562,INT183,C006,3,1
INTX02563,INT183,C021,3,1
INTX02564,INT183,C024,1,0
INTX02565,INT183,C027,3,0
INTX02566,INT183,C022,2,0
INTX02567,INT183,C019,5,0
INTX02568,INT183,C009,2,0
INTX02569,INT183,C002,2,0
INTX02570,INT184,C002,4,1
INTX02571,INT184,C021,5,1
INTX02572,INT184,C001,5,1
INTX02573,INT184,C026,4,1
INTX02574,INT184,C004,2,0
INTX02575,INT184,C028,3,1
INTX02576,INT184,C018,4,1
INTX02577,INT184,C016,3,1
INTX02578,INT184,C012,2,0
INTX02579,INT184,C020,4,1
INTX02580,INT185,C009,5,0
INTX02581,INT185,C007,4,1
INTX02582,INT185,C008,5,1
INTX02583,INT185,C006,2,0
INTX02584,INT185,C014,4,1
INTX02585,INT185,C028,4,1
INTX02586,INT185,C016,2,0
INTX02587,INT185,C003,5,1
INTX02588,INT185,C024,2,0
INTX02589,INT185,C023,2,0
INTX02590,INT185,C011,5,1
INTX02591,INT185,C013,3,1
INTX02592,INT185,C029,2,0
INTX02593,INT185,C012,4,1
INTX02594,INT185,C025,3,1
INTX02595,INT185,C005,1,0
INTX02596,INT185,C015,1,0
INTX02597,INT185,C018,4,0
INTX02598,INT186,C013,5,1
INTX02599,INT186,C011,5,1
INTX02600,INT186,C019,3,1
INTX02601,INT186,C007,5,0
INTX02602,INT186,C009,2,0
INTX02603,INT186,C014,2,0
INTX02604,INT186,C010,5,1
INTX02605,INT186,C024,5,1
INTX02606,INT186,C002,3,1
INTX02607,INT186,C012,3,1
INTX02608,INT186,C015,4,0
INTX02609,INT186,C008,3,1
INTX02610,INT186,C022,1,0
INTX02611,INT186,C006,4,1
INTX02612,INT186,C028,1,0
INTX02613,INT186,C004,2,0
INTX02614,INT186,C023,2,0
INTX02615,INT186,C020,5,1
INTX02616,INT187,C007,4,1
INTX02617,INT187,C006,4,1
INTX02618,INT187,C005,3,1
INTX02619,INT187,C014,4,1
INTX02620,INT187,C010,2,0
INTX02621,INT187,C003,5,1
INTX02622,INT187,C004,4,1
INTX02623,INT187,C027,1,0
INTX02624,INT187,C013,3,1
INTX02625,INT187,C008,3,1
INTX02626,INT187,C002,4,1
INTX02627,INT187,C011,1,0
INTX02628,INT187,C024,3,1
INTX02629,INT187,C001,4,1
INTX02630,INT187,C021,2,0
INTX02631,INT188,C021,3,1
INTX02632,INT188,C022,1,0
INTX02633,INT188,C018,4,1
INTX02634,INT188,C014,3,1
INTX02635,INT188,C001,5,1
INTX02636,INT188,C016,2,0
INTX02637,INT188,C025,3,1
INTX02638,INT188,C026,4,1
INTX02639,INT188,C005,1,0
INTX02640,INT188,C007,4,1
INTX02641,INT188,C030,1,0
INTX02642,INT189,C024,5,1
INTX02643,INT189,C021,2,0
INTX02644,INT189,C018,3,1
INTX02645,INT189,C002,4,1
INTX02646,INT189,C017,3,1
INTX02647,INT189,C029,4,1
INTX02648,INT189,C025,3,1
INTX02649,INT189,C016,2,0
INTX02650,INT189,C022,2,0
INTX02651,INT189,C019,2,0
INTX02652,INT189,C001,2,0
INTX02653,INT189,C004,2,0
INTX02654,INT189,C014,2,0
INTX02655,INT190,C016,5,1
INTX02656,INT190,C024,3,1
INTX02657,INT190,C028,3,0
INTX02658,INT190,C027,1,0
INTX02659,INT190,C013,2,0
INTX02660,INT190,C004,2,0
INTX02661,INT190,C007,3,1
INTX02662,INT190,C003,2,0
INTX02663,INT190,C006,2,0
INTX02664,INT190,C011,3,1
INTX02665,INT190,C017,4,1
INTX02666,INT191,C001,3,1
INTX02667,INT191,C024,5,0
INTX02668,INT191,C003,4,1
INTX02669,INT191,C017,3,1
INTX02670,INT191,C008,4,1
INTX02671,INT191,C029,3,1
INTX02672,INT191,C022,2,0
INTX02673,INT191,C018,3,1
INTX02674,INT191,C006,4,1
INTX02675,INT191,C025,3,1
INTX02676,INT191,C009,4,1
INTX02677,INT191,C030,3,1
INTX02678,INT191,C023,2,0
INTX02679,INT191,C007,4,0
INTX02680,INT191,C002,4,0
INTX02681,INT191,C013,3,1
INTX02682,INT192,C010,4,1
INTX02683,INT192,C008,3,1
INTX02684,INT192,C023,2,0
INTX02685,INT192,C028,2,0
INTX02686,INT192,C027,1,0
INTX02687,INT192,C005,3,1
INTX02688,INT192,C001,1,0
INTX02689,INT192,C007,5,1
INTX02690,INT192,C030,1,0
INTX02691,INT192,C006,3,1
INTX02692,INT192,C003,2,0
INTX02693,INT192,C004,5,0
INTX02694,INT192,C022,2,0
INTX02695,INT193,C011,4,0
INTX02696,INT193,C009,4,0
INTX02697,INT193,C008,5,1
INTX02698,INT193,C014,5,0
INTX02699,INT193,C007,3,1
INTX02700,INT193,C013,4,1
INTX02701,INT193,C023,1,0
INTX02702,INT193,C019,2,0
INTX02703,INT193,C021,2,0
INTX02704,INT193,C012,4,1
INTX02705,INT193,C029,4,1
INTX02706,INT193,C004,1,0
INTX02707,INT193,C018,3,1
INTX02708,INT194,C018,4,1
INTX02709,INT194,C003,4,1
INTX02710,INT194,C013,3,1
INTX02711,INT194,C001,3,1
INTX02712,INT194,C004,5,0
INTX02713,INT194,C028,5,1
INTX02714,INT194,C030,5,1
INTX02715,INT194,C002,1,0
INTX02716,INT194,C029,4,1
INTX02717,INT194,C011,2,0
INTX02718,INT194,C014,2,0
INTX02719,INT194,C016,2,0
INTX02720,INT194,C008,3,1
INTX02721,INT194,C005,3,1
INTX02722,INT194,C026,4,1
INTX02723,INT195,C017,5,1
INTX02724,INT195,C016,4,1
INTX02725,INT195,C026,4,1
INTX02726,INT195,C001,3,1
INTX02727,INT195,C015,4,1
INTX02728,INT195,C020,1,0
INTX02729,INT195,C011,4,1
INTX02730,INT195,C007,5,1
INTX02731,INT195,C025,4,1
INTX02732,INT195,C014,5,1
INTX02733,INT195,C027,3,0
INTX02734,INT195,C022,4,1
INTX02735,INT195,C010,2,0
INTX02736,INT195,C018,2,0
INTX02737,INT196,C008,3,1
INTX02738,INT196,C009,4,1
INTX02739,INT196,C030,1,0
INTX02740,INT196,C014,5,1
INTX02741,INT196,C007,4,1
INTX02742,INT196,C006,1,0
INTX02743,INT196,C002,3,1
INTX02744,INT196,C020,4,0
INTX02745,INT196,C010,4,1
INTX02746,INT196,C022,1,0
INTX02747,INT196,C023,3,1
INTX02748,INT196,C013,4,1
INTX02749,INT196,C011,4,1
INTX02750,INT197,C030,4,1
INTX02751,INT197,C028,4,1
INTX02752,INT197,C019,3,1
INTX02753,INT197,C025,4,1
INTX02754,INT197,C002,2,0
INTX02755,INT197,C029,5,1
INTX02756,INT197,C022,5,1
INTX02757,INT197,C014,1,0
INTX02758,INT197,C010,2,0
INTX02759,INT197,C018,4,0
INTX02760,INT197,C009,2,0
INTX02761,INT197,C015,5,1
INTX02762,INT197,C027,5,1
INTX02763,INT197,C026,5,0
INTX02764,INT197,C013,5,1
INTX02765,INT197,C021,2,0
INTX02766,INT197,C005,3,1
INTX02767,INT198,C010,2,0
INTX02768,INT198,C002,4,1
INTX02769,INT198,C004,3,1
INTX02770,INT198,C008,4,1
INTX02771,INT198,C007,5,1
INTX02772,INT198,C026,3,1
INTX02773,INT198,C030,3,1
INTX02774,INT198,C024,3,1
INTX02775,INT198,C015,4,0
INTX02776,INT198,C006,5,1
INTX02777,INT198,C017,3,1
INTX02778,INT198,C016,3,1
INTX02779,INT198,C013,3,1
INTX02780,INT199,C025,2,0
INTX02781,INT199,C022,3,1
INTX02782,INT199,C014,1,0
INTX02783,INT199,C015,2,0
INTX02784,INT199,C017,2,0
INTX02785,INT199,C028,2,0
INTX02786,INT199,C011,2,0
INTX02787,INT199,C013,2,0
INTX02788,INT199,C005,5,1
INTX02789,INT199,C007,4,1
INTX02790,INT199,C004,4,0
INTX02791,INT199,C021,3,1
INTX02792,INT199,C010,3,1
INTX02793,INT199,C030,4,1
INTX02794,INT200,C006,5,1
INTX02795,INT200,C005,5,1
INTX02796,INT200,C008,3,0
INTX02797,INT200,C002,2,0
INTX02798,INT200,C014,3,1
INTX02799,INT200,C009,3,1
INTX02800,INT200,C025,3,1
INTX02801,INT200,C004,5,0
INTX02802,INT200,C021,1,0
INTX02803,INT200,C020,1,0
INTX02804,INT200,C007,5,1
INTX02805,INT200,C016,2,0
INTX02806,INT200,C012,1,0
INTX02807,INT200,C029,3,1
INTX02808,INT200,C003,4,1
